# sample: Caltech GRR 1843, natural ruby, Chanthaburi, Thailand (ru1843.a)
# host: corundum (Al2O3), uniaxial; E_perp_c = o-ray, viewed down the c axis
# composition: none published (no composition, shape only)
# units: lambda_nm; A = decadic absorbance as recorded (T = 10^-A); path-normalised absorbance, Napierian alpha = 2.303 A / path_cm; reflection loss and baseline offset are NOT removed
# path_cm: 0.0787
# source: Caltech Mineral Spectroscopy Server (G. R. Rossman), http://minerals.gps.caltech.edu/FILES/Visible/corundum/ru1843.a; delivered in docs/chromophores/primary-2026-10/data/ruby/; research-2026-10-primary-data.md; wavelengths sorted ascending, values unchanged
# caltech_header: Ruby, GRR 1843, Chanthaburi, Thailand | 0.787 mm, E perp c
# note: shape only. Baseline offset ~0.217 A at 800-1100 nm (two-surface Fresnel loss alone would be ~0.07); the cleaner file of the same stone is corundum1843_27C.a (0.758 mm, 390-1101 nm, offset 0.067), not delivered in the zip. No E_par_c file exists. Computed color D65 L*a*b* 45.6/34.7/-12.6, A 48.3/44.8/-12.1 (b* negative: purplish red); no measured color exists
lambda_nm,A_E_perp_c
330.0185,0.6698881
330.6168,0.681661
331.2151,0.6839517
331.8134,0.6995408
332.4116,0.6932785
333.0099,0.7012473
333.6082,0.6972558
334.2065,0.7089463
334.8047,0.7111343
335.403,0.7237571
336.0012,0.723846
336.5995,0.7356444
337.1977,0.7365636
337.7959,0.746937
338.3942,0.756848
338.9924,0.7698019
339.5906,0.7750556
340.1888,0.7788231
340.787,0.7800378
341.3853,0.7930105
341.9834,0.7867818
342.5816,0.7893564
343.1798,0.7841163
343.778,0.7880028
344.3762,0.7846501
344.9744,0.7795042
345.5725,0.7717473
346.1707,0.7820308
346.7689,0.7802501
347.367,0.7735806
347.9651,0.7748812
348.5633,0.7776151
349.1614,0.7726008
349.7596,0.7729816
350.3577,0.7673261
350.9558,0.7681437
351.5539,0.7631148
352.152,0.7554241
352.7501,0.7503518
353.3482,0.7503634
353.9463,0.7459267
354.5444,0.7435239
355.1425,0.7432705
355.7406,0.7454299
356.3387,0.7464492
356.9367,0.7501174
357.5348,0.7524772
358.1328,0.7599442
358.7309,0.7632293
359.3289,0.7684378
359.927,0.7740031
360.525,0.780893
361.123,0.7855265
361.7211,0.7917804
362.3191,0.7991754
362.9171,0.8053521
363.5151,0.8107232
364.1131,0.8136896
364.7112,0.8200291
365.3091,0.8242342
365.9071,0.8271926
366.5051,0.8307621
367.1031,0.8341798
367.701,0.8413
368.299,0.8431494
368.897,0.8482931
369.495,0.853604
370.0929,0.8611126
370.6909,0.866365
371.2888,0.8708128
371.8867,0.8776936
372.4847,0.8861933
373.0826,0.893509
373.6805,0.903141
374.2784,0.9154406
374.8763,0.9323461
375.4742,0.9487627
376.0722,0.9672387
376.67,0.9851736
377.2679,1.004739
377.8658,1.020371
378.4637,1.03944
379.0616,1.05621
379.6595,1.076133
380.2573,1.093911
380.8552,1.114575
381.453,1.133564
382.0509,1.156681
382.6487,1.176007
383.2466,1.197769
383.8444,1.21717
384.4422,1.240472
385.04,1.259145
385.6379,1.280755
386.2357,1.301135
386.8335,1.324095
387.4313,1.344314
388.0291,1.363475
388.6269,1.381549
389.2247,1.398252
389.8224,1.411144
390.4202,1.421869
391.018,1.433352
391.6158,1.446957
392.2135,1.46033
392.8113,1.472425
393.409,1.485533
394.0068,1.502217
394.6045,1.514983
395.2022,1.527965
395.8,1.538615
396.3977,1.554305
396.9954,1.563343
397.5931,1.578354
398.1908,1.587967
398.7885,1.602127
399.3862,1.612835
399.9839,1.624549
400.5816,1.635463
401.1793,1.649082
401.777,1.65896
402.3747,1.670749
402.9723,1.678144
403.57,1.691444
404.1676,1.700723
404.7653,1.711234
405.3629,1.71802
405.9606,1.730657
406.5582,1.739696
407.1559,1.747155
407.7534,1.753147
408.3511,1.763191
408.9487,1.767655
409.5463,1.774118
410.1439,1.777708
410.7415,1.784171
411.3391,1.789275
411.9367,1.790331
412.5343,1.792993
413.1318,1.795292
413.7294,1.796542
414.327,1.796045
414.9246,1.794585
415.5221,1.792029
416.1197,1.789578
416.7172,1.785723
417.3148,1.780249
417.9123,1.775815
418.5098,1.767835
419.1073,1.761353
419.7049,1.752185
420.3024,1.742465
420.8999,1.73251
421.4974,1.721556
422.0949,1.70844
422.6924,1.696504
423.2899,1.683797
423.8874,1.667596
424.4848,1.651759
425.0823,1.636875
425.6798,1.619725
426.2773,1.602695
426.8747,1.584539
427.4721,1.566489
428.0696,1.546473
428.667,1.527042
429.2645,1.50636
429.8619,1.485752
430.4593,1.463904
431.0568,1.441497
431.6542,1.419149
432.2516,1.395599
432.849,1.371442
433.4464,1.347926
434.0438,1.322893
434.6412,1.297506
435.2386,1.271363
435.8359,1.245412
436.4333,1.219472
437.0307,1.195104
437.6281,1.169932
438.2254,1.145286
438.8228,1.120693
439.4201,1.096611
440.0175,1.072465
440.6148,1.048437
441.2121,1.024465
441.8094,1.000901
442.4068,0.9781138
443.0041,0.9556914
443.6014,0.933814
444.1987,0.9125529
444.796,0.8924065
445.3933,0.8725644
445.9906,0.8538185
446.5879,0.8356107
447.1852,0.8187642
447.7824,0.8035536
448.3797,0.7896019
448.977,0.776812
449.5742,0.7651647
450.1715,0.7545173
450.7687,0.7445173
451.366,0.7336495
451.9632,0.7223239
452.5604,0.7102386
453.1577,0.6984821
453.7549,0.6872087
454.3521,0.6760036
454.9493,0.6646451
455.5465,0.653665
456.1437,0.6424752
456.7409,0.6309766
457.3381,0.6194477
457.9353,0.6076785
458.5325,0.5958572
459.1296,0.5843548
459.7268,0.5730768
460.324,0.5619465
460.9211,0.5512449
461.5183,0.5405325
462.1154,0.5298307
462.7126,0.5197399
463.3097,0.5095294
463.9069,0.4993886
464.504,0.4895632
465.1011,0.4793641
465.6982,0.4696053
466.2953,0.4603771
466.8925,0.4519315
467.4896,0.4459344
468.0867,0.4423522
468.6837,0.4419392
469.2809,0.4410097
469.8779,0.4335775
470.475,0.423081
471.0721,0.4143473
471.6691,0.4071555
472.2662,0.4002703
472.8633,0.3945986
473.4603,0.389483
474.0573,0.3864284
474.6544,0.3864447
475.2514,0.3925426
475.8484,0.4008742
476.4455,0.3964396
477.0425,0.3888842
477.6395,0.3839149
478.2365,0.3769492
478.8335,0.3717358
479.4305,0.368831
480.0275,0.367682
480.6245,0.367157
481.2215,0.3673475
481.8185,0.3676722
482.4154,0.3683128
483.0124,0.3688723
483.6093,0.3699882
484.2063,0.370955
484.8033,0.3722867
485.4002,0.3745937
485.9972,0.3770711
486.5941,0.3800345
487.191,0.3829985
487.7879,0.3858875
488.3849,0.389437
488.9818,0.3924354
489.5787,0.3958408
490.1756,0.4000656
490.7725,0.4045872
491.3694,0.4090331
491.9663,0.4136286
492.5631,0.4186595
493.16,0.4237632
493.7569,0.4287438
494.3538,0.4347575
494.9506,0.4404133
495.5475,0.445898
496.1443,0.4518053
496.7412,0.4583334
497.338,0.4651124
497.9349,0.4720657
498.5317,0.479042
499.1285,0.486452
499.7253,0.4941079
500.3222,0.5020576
500.919,0.5103031
501.5158,0.5185128
502.1126,0.5268353
502.7094,0.5355832
503.3062,0.5443486
503.903,0.5535508
504.4997,0.5629714
505.0965,0.5724824
505.6933,0.5818417
506.29,0.5921957
506.8868,0.6024458
507.4836,0.6127173
508.0803,0.6229695
508.677,0.6336767
509.2738,0.6450173
509.8705,0.6561707
510.4672,0.6674384
511.0639,0.6789483
511.6607,0.6905558
512.2574,0.7022945
512.8541,0.7143682
513.4508,0.7265566
514.0475,0.7388951
514.6442,0.7512838
515.2408,0.7639117
515.8375,0.7769321
516.4342,0.7899927
517.0309,0.8029637
517.6276,0.8166236
518.2242,0.8300971
518.8209,0.8437086
519.4175,0.8572578
520.0142,0.8710999
520.6108,0.8847308
521.2074,0.899287
521.804,0.9135463
522.4006,0.9273866
522.9973,0.9414917
523.5939,0.9559418
524.1905,0.9701796
524.7871,0.9849567
525.3837,0.9995756
525.9803,1.01351
526.5768,1.028348
527.1735,1.043476
527.77,1.058274
528.3666,1.073028
528.9631,1.087649
529.5597,1.102447
530.1563,1.116974
530.7528,1.132015
531.3494,1.147045
531.9459,1.161798
532.5424,1.176868
533.139,1.191397
533.7355,1.205928
534.332,1.22015
534.9285,1.234496
535.525,1.248776
536.1215,1.262689
536.718,1.27719
537.3145,1.290898
537.911,1.304749
538.5075,1.318794
539.1039,1.33234
539.7004,1.345507
540.2969,1.358882
540.8934,1.372204
541.4898,1.384589
542.0862,1.397579
542.6827,1.410045
543.2791,1.422424
543.8755,1.434515
544.472,1.446342
545.0684,1.457614
545.6649,1.469199
546.2613,1.479557
546.8577,1.490114
547.4541,1.500313
548.0505,1.510689
548.6469,1.520375
549.2432,1.529626
549.8397,1.538702
550.436,1.547462
551.0324,1.555078
551.6287,1.563344
552.2251,1.570948
552.8215,1.577944
553.4178,1.584612
554.0142,1.590775
554.6105,1.595736
555.2068,1.601159
555.8032,1.606222
556.3995,1.610524
556.9958,1.614152
557.5921,1.617329
558.1884,1.619942
558.7847,1.622153
559.381,1.623769
559.9774,1.625175
560.5736,1.625685
561.1699,1.625297
561.7662,1.624804
562.3624,1.623616
562.9587,1.622173
563.555,1.619705
564.1512,1.61665
564.7475,1.613153
565.3438,1.609102
565.9399,1.604792
566.5362,1.600084
567.1324,1.59438
567.7286,1.587913
568.3249,1.581235
568.9211,1.573122
569.5173,1.565345
570.1135,1.556712
570.7097,1.547603
571.3059,1.538056
571.9021,1.527886
572.4983,1.51711
573.0945,1.505569
573.6906,1.493916
574.2868,1.481624
574.8829,1.468557
575.4791,1.454868
576.0753,1.441421
576.6714,1.426898
577.2676,1.412426
577.8637,1.397451
578.4598,1.382269
579.056,1.366535
579.6521,1.349936
580.2482,1.332955
580.8443,1.315531
581.4404,1.29822
582.0365,1.279674
582.6326,1.261336
583.2287,1.242726
583.8248,1.224198
584.4208,1.204877
585.0169,1.18516
585.613,1.16554
586.209,1.145908
586.8051,1.12568
587.4012,1.105399
587.9972,1.084806
588.5933,1.063505
589.1893,1.042606
589.7853,1.021548
590.3813,1.000747
590.9774,0.980547
591.5734,0.9600421
592.1694,0.9395152
592.7654,0.9185314
593.3614,0.8983137
593.9574,0.8779901
594.5534,0.8568531
595.1494,0.8360575
595.7454,0.8159872
596.3413,0.7959611
596.9373,0.7754802
597.5333,0.7562521
598.1292,0.7375882
598.7252,0.7196227
599.3211,0.7011052
599.9171,0.6835202
600.513,0.6662369
601.1089,0.6491223
601.7049,0.632315
602.3008,0.6161809
602.8967,0.6001964
603.4926,0.5845738
604.0886,0.570404
604.6844,0.5561686
604.8019,0.5528247
605.4014,0.5398281
606.001,0.52745
606.6005,0.5149026
607.2,0.5038273
607.7995,0.4931888
608.399,0.4824447
608.9984,0.4713608
609.5979,0.4619403
610.1973,0.4522361
610.7968,0.4435319
611.3962,0.4350407
611.9956,0.4262113
612.595,0.4173715
613.1945,0.4101875
613.7938,0.4028038
614.3932,0.3957358
614.9926,0.3887645
615.5919,0.3820815
616.1913,0.3753761
616.7906,0.3699986
617.39,0.3644623
617.9893,0.358388
618.5886,0.3530127
619.1878,0.3480965
619.7871,0.343953
620.3864,0.3390619
620.9857,0.3349411
621.5849,0.3311828
622.1841,0.3272363
622.7834,0.3230155
623.3826,0.3192814
623.9818,0.31635
624.581,0.313091
625.1802,0.3100894
625.7794,0.3069952
626.3785,0.3042262
626.9777,0.302471
627.5768,0.2997623
628.176,0.2965245
628.7751,0.2945451
629.3742,0.2924252
629.9733,0.2900525
630.5724,0.2880481
631.1715,0.2862912
631.7706,0.2846349
632.3696,0.2825015
632.9687,0.2810796
633.5677,0.2798107
634.1667,0.278469
634.7657,0.27669
635.3648,0.2748182
635.9638,0.2738425
636.5627,0.2727273
637.1617,0.2723435
637.7607,0.2715057
638.3597,0.2701112
638.9586,0.2687769
639.5576,0.2677492
640.1565,0.2671494
640.7554,0.2660157
641.3543,0.2653051
641.9532,0.264821
642.5521,0.2634961
643.1509,0.2627776
643.7498,0.2613231
644.3487,0.2606755
644.9475,0.2605493
645.5463,0.2595715
646.1452,0.2596992
646.744,0.2595125
647.3428,0.2586769
647.9416,0.2587051
648.5403,0.257786
649.1391,0.2574132
649.7379,0.2568733
650.3366,0.2565166
650.9354,0.2568122
651.5341,0.256745
652.1328,0.2565778
652.7315,0.2563783
653.3302,0.2561189
653.9289,0.2564094
654.5276,0.2568529
655.1262,0.2573677
655.7249,0.2593351
656.3235,0.2616339
656.9222,0.2642421
657.5208,0.2671333
658.1194,0.2677998
658.718,0.2685671
659.3166,0.2659673
659.9152,0.2635926
660.5137,0.2622812
661.1123,0.2615391
661.7109,0.2605048
662.3094,0.260938
662.908,0.2620358
663.5065,0.2625561
664.105,0.2634136
664.7034,0.2638956
665.3019,0.2641642
665.9005,0.2654029
666.4989,0.2670146
667.0974,0.267758
667.6958,0.2674781
668.2943,0.2683596
668.8926,0.2675559
669.4911,0.2652869
670.0895,0.2636577
670.6879,0.2624035
671.2863,0.2607677
671.8846,0.2593015
672.483,0.2573094
673.0813,0.2574998
673.6797,0.2570294
674.278,0.2564626
674.8763,0.2560269
675.4746,0.2552796
676.0729,0.2541085
676.6712,0.2531742
677.2695,0.2527967
677.8677,0.2519851
678.466,0.2522099
679.0643,0.2521969
679.6625,0.2520493
680.2607,0.2513637
680.8589,0.2498813
681.4572,0.2494691
682.0554,0.2489262
682.6535,0.2485948
683.2517,0.2477988
683.8499,0.2483284
684.448,0.2488611
685.0461,0.2487365
685.6443,0.2494625
686.2424,0.2503338
686.8405,0.251895
687.4386,0.2542093
688.0367,0.2572489
688.6348,0.2615465
689.2328,0.2653728
689.8309,0.267551
690.429,0.2719515
691.027,0.2816346
691.625,0.3024497
692.223,0.323989
692.821,0.3224
693.419,0.3394994
694.017,0.3168595
694.615,0.2829828
695.213,0.2697763
695.8109,0.2638277
696.4088,0.2606649
697.0068,0.2590143
697.6047,0.257431
698.2026,0.2569748
698.8005,0.2581384
699.3984,0.2600496
699.9963,0.261001
700.5941,0.2581539
701.192,0.2558424
701.7899,0.2534176
702.3877,0.2527457
702.9855,0.2525246
703.5833,0.2524402
704.1812,0.2520369
704.7789,0.2518611
705.3767,0.2518267
705.9745,0.251011
706.5723,0.2502123
707.17,0.2507232
707.7678,0.2508578
708.3655,0.2496451
708.9632,0.2493058
709.5609,0.2489654
710.1586,0.2490154
710.7563,0.2485941
711.354,0.2485748
711.9517,0.2487051
712.5493,0.2492525
713.147,0.2492385
713.7446,0.2487345
714.3422,0.2478221
714.9399,0.2478237
715.5375,0.247867
716.1351,0.2476867
716.7327,0.2472546
717.3303,0.2473004
717.9278,0.2469536
718.5253,0.2458259
719.1229,0.2458056
719.7205,0.2457028
720.3179,0.245669
720.9155,0.245639
721.513,0.2453111
722.1105,0.2450777
722.7079,0.2450771
723.3054,0.2451985
723.9029,0.244832
724.5003,0.2448107
725.0978,0.2442027
725.6952,0.244137
726.2926,0.2441334
726.89,0.2431652
727.4874,0.2441109
728.0848,0.2439008
728.6822,0.2436692
729.2795,0.2432174
729.8769,0.24321
730.4742,0.2433487
731.0716,0.2432787
731.6689,0.2425189
732.2662,0.2419228
732.8635,0.2426036
733.4608,0.2426237
734.0581,0.242302
734.6554,0.2425653
735.2526,0.2416445
735.8499,0.2410008
736.4471,0.241303
737.0444,0.2413075
737.6416,0.2412544
738.2388,0.2405721
738.836,0.2411489
739.4332,0.2417213
740.0304,0.2420024
740.6276,0.2409659
741.2247,0.2403659
741.8218,0.2400705
742.419,0.2402575
743.0161,0.2401653
743.6132,0.2395053
744.2103,0.2394982
744.8074,0.2397868
745.4045,0.2402833
746.0016,0.2400586
746.5986,0.2395073
747.1957,0.2393792
747.7927,0.239336
748.3898,0.2391241
748.9868,0.2390457
749.5838,0.239895
750.1808,0.2396115
750.7778,0.2386419
751.3748,0.238612
751.9717,0.2384091
752.5687,0.2381357
753.1656,0.2376439
753.7626,0.2367606
754.3595,0.2370096
754.9564,0.2373994
755.5533,0.2375809
756.1502,0.236747
756.7471,0.2364985
757.344,0.236426
757.9409,0.2369279
758.5377,0.2368242
759.1346,0.2366578
759.7314,0.2360097
760.3282,0.2352576
760.925,0.2362239
761.5219,0.2366922
762.1186,0.2359322
762.7154,0.2353901
763.3122,0.2352721
763.9089,0.2347105
764.5057,0.2348916
765.1024,0.2349598
765.6992,0.2340744
766.2958,0.2338503
766.8926,0.2334493
767.4893,0.2340392
768.0859,0.2334537
768.6826,0.2331448
769.2793,0.2326178
769.876,0.2325753
770.4726,0.2329344
771.0692,0.2326922
771.6658,0.2321394
772.2625,0.2326827
772.8591,0.2322943
773.4557,0.2315793
774.0522,0.2323002
774.6488,0.2322094
775.2454,0.2321887
775.8419,0.2318394
776.4385,0.2308133
777.035,0.2312446
777.6315,0.2310303
778.228,0.2308878
778.8245,0.2316303
779.421,0.2312768
780.0175,0.2316118
780.614,0.2318105
781.2104,0.2308358
781.8069,0.2304077
782.4033,0.2306784
782.9997,0.2300883
783.5961,0.2300718
784.1925,0.2297874
784.7889,0.2296512
785.3853,0.2285349
785.9817,0.2292465
786.5781,0.2293404
787.1744,0.2290445
787.7708,0.2296862
788.3671,0.2294443
788.9634,0.2288764
789.5597,0.2282111
790.156,0.229551
790.7523,0.2291861
791.3486,0.2287191
791.9448,0.2289484
792.5411,0.2287619
793.1373,0.2282589
793.7336,0.2280644
794.3298,0.2283564
794.926,0.2287784
795.5222,0.2292034
796.1184,0.2293126
796.7146,0.2283754
797.3108,0.2283688
797.9069,0.2289966
798.5031,0.2290149
799.0992,0.2287011
799.6954,0.227905
800.2915,0.2287518
800.8876,0.2284218
801.4837,0.2281518
802.0798,0.2275831
802.6758,0.2268412
803.2719,0.2276186
803.868,0.2273727
804.4641,0.2283356
805.0601,0.2282924
805.6561,0.227248
806.2521,0.227415
806.8481,0.2274547
807.4441,0.2274443
808.0401,0.2265655
808.6361,0.2269253
809.2321,0.2279398
809.828,0.22778
810.424,0.2269508
811.0199,0.2268072
811.6158,0.2268186
812.2117,0.2271272
812.8076,0.2269576
813.4035,0.2260583
813.9994,0.2263249
814.5953,0.226223
815.1911,0.2273132
815.787,0.2267706
816.3828,0.2259889
816.9786,0.2253973
817.5745,0.2254979
818.1702,0.2252148
818.7661,0.2257227
819.3618,0.2260355
819.9576,0.2258275
820.5534,0.2252215
821.1491,0.2258436
821.7449,0.2260078
822.3406,0.2257245
822.9363,0.2246088
823.532,0.225087
824.1277,0.2243361
824.7234,0.2249401
825.3192,0.2257667
825.9148,0.2249611
826.5104,0.2239562
827.1061,0.2241596
827.7017,0.2241181
828.2974,0.2238476
828.893,0.2237471
829.4886,0.2237353
830.0842,0.2231438
830.6798,0.2229906
831.2754,0.2225846
831.8709,0.2235919
832.4665,0.2240194
833.062,0.222992
833.6576,0.2232052
834.2531,0.2234783
834.8486,0.2237938
835.4441,0.223442
836.0396,0.2228726
836.6351,0.2222386
837.2306,0.2221843
837.826,0.2225096
838.4214,0.2225694
839.0169,0.2216184
839.6124,0.2219895
840.2078,0.2224119
840.8032,0.2231244
841.3986,0.2217201
841.994,0.2211509
842.5894,0.2214571
843.1847,0.2222446
843.7801,0.2219495
844.3754,0.2216575
844.9708,0.2213707
845.5661,0.2221462
846.1614,0.2217242
846.7567,0.2218308
847.352,0.2213089
847.9473,0.2212307
848.5425,0.2217798
849.1378,0.2217013
849.733,0.2211774
850.3283,0.2212181
850.9235,0.2213612
851.5187,0.2211193
852.114,0.2213573
852.7092,0.2214448
853.3044,0.2210185
853.8995,0.2210736
854.4947,0.2212869
855.0898,0.2206209
855.685,0.2214017
856.2802,0.2218691
856.8753,0.2212086
857.4704,0.2209518
858.0655,0.221271
858.6606,0.2208209
859.2557,0.219928
859.8508,0.2201198
860.4458,0.2202737
861.0409,0.2202453
861.6359,0.2206346
862.231,0.2210379
862.826,0.2203666
863.421,0.2199287
864.016,0.220777
864.611,0.2214514
865.2059,0.2217
865.8009,0.2217842
866.3959,0.2220219
866.9908,0.2210244
867.5858,0.2218139
868.1807,0.2220786
868.7756,0.2220405
869.3705,0.221901
869.9654,0.2215414
870.5603,0.2211985
871.1552,0.2208173
871.7501,0.2202808
872.3449,0.220448
872.9398,0.2209145
873.5346,0.2213404
874.1294,0.221534
874.7242,0.2216523
875.319,0.2218669
875.9138,0.2203756
876.5086,0.2190422
877.1034,0.2202357
877.6981,0.2209173
878.2928,0.2202908
878.8876,0.2193099
879.4824,0.2200812
880.0771,0.2196029
880.6718,0.2196468
881.2665,0.2196547
881.8611,0.2208073
882.4558,0.221202
883.0505,0.2207819
883.6451,0.2210751
884.2398,0.2203119
884.8344,0.2200311
885.4291,0.2200608
886.0237,0.219305
886.6183,0.2197592
887.2129,0.2199909
887.8074,0.2203714
888.402,0.2199259
888.9966,0.2189544
889.5911,0.2186851
890.1857,0.2195562
890.7802,0.2193306
891.3748,0.2188877
891.9692,0.2192366
892.5637,0.2191963
893.1582,0.2195019
893.7527,0.2197786
894.3472,0.2193822
894.9417,0.219277
895.5361,0.2189464
896.1305,0.2194597
896.7249,0.2202059
897.3193,0.2200682
897.9138,0.2197265
898.5082,0.219884
899.1025,0.2192645
899.6969,0.2192702
900.2913,0.219335
900.8856,0.220259
901.48,0.2200023
902.0743,0.2195134
902.6686,0.2192342
903.2629,0.2192796
903.8572,0.2185169
904.4515,0.218449
905.0458,0.219219
905.6401,0.2195821
906.2343,0.219216
906.8286,0.2201377
907.4228,0.2197554
908.017,0.2200593
908.6113,0.2199124
909.2054,0.2193795
909.7997,0.2183531
910.3939,0.2192817
910.988,0.21974
911.5822,0.2193363
912.1763,0.2185096
912.7704,0.218832
913.3646,0.2197608
913.9587,0.2203599
914.5529,0.2201743
915.1469,0.219494
915.741,0.2190155
916.3351,0.2182898
916.9292,0.2184108
917.5233,0.2189984
918.1173,0.2193473
918.7113,0.2182294
919.3054,0.2186688
919.8994,0.2196681
920.4934,0.2197341
921.0874,0.2192945
921.6813,0.2198535
922.2753,0.2197086
922.8693,0.2191034
923.4633,0.2184941
924.0572,0.2195115
924.6511,0.2192197
925.2451,0.2196336
925.839,0.2198451
926.4329,0.2191949
927.0268,0.2189589
927.6207,0.2192912
928.2145,0.2195853
928.8083,0.2190629
929.4022,0.2189819
929.9961,0.2203554
930.5899,0.2199166
931.1837,0.2192221
931.7775,0.2199223
932.3713,0.2206125
932.9651,0.222394
933.5589,0.2230581
934.1526,0.2226305
934.7464,0.2222178
935.3401,0.2219405
935.9339,0.2225068
936.5276,0.2225623
937.1213,0.2234147
937.715,0.2234953
938.3087,0.2227719
938.9024,0.2228492
939.4961,0.2222198
940.0897,0.221178
940.6834,0.2202161
941.277,0.2203205
941.8707,0.2202631
942.4643,0.2192855
943.0579,0.2189923
943.6515,0.2183288
944.2451,0.2181637
944.8386,0.2175066
945.4322,0.2171153
946.0258,0.2168678
946.6193,0.2165854
947.2128,0.2171372
947.8064,0.2178938
948.3999,0.2175654
948.9934,0.2168429
949.5869,0.2156107
950.1804,0.215215
950.7739,0.2161177
951.3673,0.2164041
951.9608,0.2158182
952.5542,0.2153381
953.1476,0.2154351
953.7411,0.2151409
954.3345,0.2152997
954.9279,0.2153503
955.5212,0.2147299
956.1146,0.2145957
956.708,0.2155527
957.3014,0.2163093
957.8947,0.2150796
958.488,0.2161799
959.0814,0.2171188
959.6747,0.2167894
960.268,0.2157566
960.8613,0.2143776
961.4546,0.2142306
962.0479,0.2153048
962.6411,0.2162995
963.2344,0.2161948
963.8276,0.2157957
964.4208,0.2165102
965.0141,0.2161736
965.6073,0.2166459
966.2005,0.216724
966.7937,0.2164279
967.3868,0.215942
967.98,0.2166839
968.5732,0.2163886
969.1663,0.2166564
969.7595,0.2174058
970.3526,0.2160465
970.9457,0.2161444
971.5388,0.2180488
972.1319,0.2168417
972.725,0.2167925
973.3181,0.2171376
973.9111,0.216866
974.5042,0.2164826
975.0972,0.2155872
975.6902,0.2156411
976.2833,0.2162394
976.8763,0.2170444
977.4693,0.2151194
978.0623,0.2155169
978.6553,0.2163317
979.2482,0.2162878
979.8412,0.2162434
980.4341,0.2167261
981.0271,0.217126
981.6201,0.217184
982.213,0.2173636
982.8058,0.2170888
983.3987,0.2165481
983.9916,0.2173392
984.5845,0.2179691
985.1774,0.2170208
985.7703,0.2176155
986.3631,0.2170778
986.9559,0.2167826
987.5488,0.2159581
988.1415,0.2161089
988.7344,0.2153272
989.3271,0.2161912
989.9199,0.2162339
990.5127,0.2158336
991.1055,0.2161396
991.6982,0.2165148
992.291,0.2166121
992.8837,0.2163058
993.4764,0.2161799
994.0692,0.2158659
994.6618,0.2154238
995.2545,0.2159209
995.8472,0.215906
996.4399,0.2158577
997.0325,0.2162661
997.6252,0.2158356
998.2178,0.216621
998.8104,0.2166265
999.403,0.2168656
999.9957,0.2180275
1000.588,0.2175935
1001.181,0.2169006
1001.773,0.2169759
1002.366,0.2177064
1002.958,0.2170859
1003.551,0.2164715
1004.144,0.2169308
1004.736,0.2181261
1005.329,0.2179359
1005.921,0.2166416
1006.514,0.2161719
1007.106,0.2171936
1007.699,0.2173051
1008.291,0.2173922
1008.883,0.2175013
1009.476,0.21708
1010.068,0.2161596
1010.661,0.2163469
1011.253,0.2167975
1011.846,0.2181899
1012.438,0.2179501
1013.03,0.2184232
1013.623,0.2174912
1014.215,0.2167269
1014.807,0.2166109
1015.4,0.2165754
1015.992,0.2176995
1016.584,0.2179148
1017.177,0.2169759
1017.769,0.2162967
1018.361,0.2164647
1018.953,0.2181048
1019.546,0.2180461
1020.138,0.2171885
1020.73,0.216537
1021.322,0.2167543
1021.915,0.2163258
1022.507,0.2158227
1023.099,0.216123
1023.691,0.2173693
1024.283,0.2177053
1024.876,0.2179144
1025.468,0.2183701
1026.06,0.2181415
1026.652,0.21701
1027.244,0.2174972
1027.836,0.2179151
1028.428,0.2177208
1029.02,0.2164287
1029.613,0.2171472
1030.205,0.217171
1030.797,0.2177017
1031.389,0.2173605
1031.981,0.2166955
1032.573,0.216668
1033.165,0.2169306
1033.757,0.2168082
1034.349,0.2166463
1034.941,0.2162369
1035.533,0.2168389
1036.125,0.2162198
1036.717,0.2171109
1037.309,0.2171529
1037.901,0.2181824
1038.492,0.2170423
1039.084,0.2167991
1039.676,0.2162306
1040.268,0.2171874
1040.86,0.2183235
1041.452,0.2190208
1042.044,0.2191146
1042.636,0.2191716
1043.228,0.2177151
1043.819,0.2172168
1044.411,0.2174147
1045.003,0.2173105
1045.595,0.2185385
1046.187,0.2178457
1046.778,0.2167355
1047.37,0.2170557
1047.962,0.2169244
1048.554,0.2170815
1049.145,0.2159347
1049.737,0.2168989
1050.329,0.2164454
1050.92,0.217367
1051.512,0.2168398
1052.104,0.2181536
1052.696,0.2184372
1053.287,0.2175276
1053.879,0.2163941
1054.47,0.2173622
1055.062,0.2166099
1055.654,0.2173009
1056.245,0.2168482
1056.837,0.2170465
1057.428,0.2165926
1058.02,0.2173081
1058.612,0.2163757
1059.203,0.2161839
1059.795,0.2148679
1060.386,0.2163371
1060.978,0.2158428
1061.569,0.2157437
1062.161,0.2153939
1062.752,0.2158865
1063.344,0.2159375
1063.935,0.2171687
1064.527,0.2165172
1065.118,0.2164145
1065.71,0.2161596
1066.301,0.2172844
1066.892,0.2163863
1067.484,0.2172022
1068.075,0.2168219
1068.667,0.2172039
1069.258,0.2163013
1069.849,0.2174769
1070.441,0.2162443
1071.032,0.2165697
1071.624,0.2153695
1072.215,0.215957
1072.806,0.2152462
1073.397,0.2155445
1073.989,0.2150061
1074.58,0.2155301
1075.171,0.2150335
1075.763,0.2154621
1076.354,0.2142295
1076.945,0.2150314
1077.536,0.2147571
1078.128,0.2153483
1078.719,0.2149148
1079.31,0.2151979
1079.901,0.2141983
1080.492,0.2160531
1081.083,0.215129
1081.675,0.2152087
1082.266,0.2142153
1082.857,0.2148225
1083.448,0.2135818
1084.039,0.2146442
1084.63,0.2145822
1085.221,0.2141701
1085.813,0.2135336
1086.404,0.2145645
1086.995,0.2142063
1087.586,0.2153188
1088.177,0.2142679
1088.768,0.2149345
1089.359,0.2127427
1089.95,0.2136904
1090.541,0.2134883
1091.132,0.2153649
1091.723,0.2145627
1092.314,0.2147197
1092.905,0.2138215
1093.496,0.2152852
1094.087,0.2147907
1094.677,0.2167105
1095.268,0.2158603
1095.859,0.2153148
1096.45,0.2145593
1097.041,0.2156992
1097.632,0.2142331
1098.223,0.2154166
1098.814,0.2150879
1099.405,0.216461
