# sample: Caltech GRR 1020a, medium blue sapphire, locality unknown (Australia?) (sa1020a.cm)
# host: corundum (Al2O3), uniaxial; E_par_c = e-ray
# composition: none published (no composition, shape only)
# units: lambda_nm; A = decadic absorbance as recorded (T = 10^-A); path-normalised absorbance, Napierian alpha = 2.303 A / path_cm; reflection loss and baseline offset are NOT removed
# path_cm: 0.4289
# source: Caltech Mineral Spectroscopy Server (G. R. Rossman), http://minerals.gps.caltech.edu/FILES/Visible/corundum/sa1020a.cm; delivered in docs/chromophores/primary-2026-10/data/sapphire/; research-2026-10-primary-data.md; wavelengths sorted ascending, values unchanged
# caltech_header: Corundum, GRR 1020a, unknown locality (Australia?), medium blue sapphire | 4.289 mm, E||c
# note: shape only. Same stone and nominal path as the E_perp_c file; pedestal A 0.5-0.6; range 350-1599 nm
lambda_nm,A_E_par_c
350.36,1.49791
350.96,1.54405
351.55,1.52189
352.15,1.55377
352.75,1.54756
353.35,1.55882
353.95,1.49824
354.54,1.51453
355.14,1.48337
355.74,1.48992
356.34,1.43942
356.94,1.47908
357.53,1.44245
358.13,1.46345
358.73,1.41041
359.33,1.37022
359.93,1.3682
360.52,1.38425
361.12,1.33761
361.72,1.32666
362.32,1.32193
362.92,1.29491
363.52,1.28346
364.11,1.27059
364.71,1.26203
365.31,1.26104
365.91,1.23881
366.51,1.24648
367.1,1.2454
367.7,1.2392
368.3,1.2363
368.9,1.24209
369.5,1.24615
370.09,1.25025
370.69,1.25507
371.29,1.23881
371.89,1.25646
372.48,1.27729
373.08,1.28569
373.68,1.31772
374.28,1.36008
374.88,1.42628
375.47,1.47053
376.07,1.47616
376.67,1.51455
377.27,1.50211
377.87,1.48367
378.46,1.45978
379.06,1.42981
379.66,1.41395
380.26,1.38595
380.86,1.35907
381.45,1.33635
382.05,1.32773
382.65,1.31381
383.25,1.30265
383.84,1.29721
384.44,1.29267
385.04,1.28372
385.64,1.28165
386.24,1.2881
386.83,1.28938
387.43,1.29182
388.03,1.31347
388.63,1.3304
389.22,1.33854
389.82,1.30654
390.42,1.26807
391.02,1.21651
391.62,1.16585
392.21,1.1241
392.81,1.08279
393.41,1.04905
394.01,1.01676
394.6,0.98512
395.2,0.95364
395.8,0.92445
396.4,0.89637
397.,0.86922
397.59,0.84595
398.19,0.82335
398.79,0.8043
399.39,0.78643
399.98,0.77179
400.58,0.75851
401.18,0.74742
401.78,0.73669
402.37,0.72737
402.97,0.72007
403.57,0.7138
404.17,0.70717
404.77,0.70137
405.36,0.69684
405.96,0.69209
406.56,0.68804
407.16,0.6841
407.75,0.68069
408.35,0.67832
408.95,0.67468
409.55,0.67195
410.14,0.6702
410.74,0.66842
411.34,0.66533
411.94,0.66407
412.53,0.66276
413.13,0.66137
413.73,0.65934
414.33,0.65812
414.92,0.65712
415.52,0.65603
416.12,0.65489
416.72,0.65342
417.31,0.65245
417.91,0.65195
418.51,0.65125
419.11,0.65054
419.7,0.65008
420.3,0.64987
420.9,0.64946
421.5,0.6498
422.09,0.64983
422.69,0.64987
423.29,0.6501
423.89,0.65081
424.48,0.65158
425.08,0.65225
425.68,0.65309
426.28,0.65385
426.87,0.65542
427.47,0.65691
428.07,0.6582
428.67,0.65953
429.26,0.66191
429.86,0.66368
430.46,0.66582
431.06,0.66763
431.65,0.67029
432.25,0.67337
432.85,0.67657
433.45,0.67954
434.04,0.68227
434.64,0.68488
435.24,0.68641
435.84,0.68885
436.43,0.69322
437.03,0.69963
437.63,0.70629
438.23,0.71415
438.82,0.72149
439.42,0.72832
440.02,0.73501
440.61,0.7419
441.21,0.74906
441.81,0.7569
442.41,0.76433
443.,0.77243
443.6,0.78077
444.2,0.78956
444.8,0.79821
445.39,0.80788
445.99,0.81771
446.59,0.82825
447.19,0.83895
447.78,0.85085
448.38,0.86295
448.98,0.87565
449.57,0.88896
450.17,0.90243
450.77,0.91535
451.37,0.92525
451.96,0.93156
452.56,0.93477
453.16,0.93589
453.75,0.93385
454.35,0.92871
454.95,0.92197
455.55,0.91373
456.14,0.90431
456.74,0.89456
457.34,0.88554
457.94,0.87683
458.53,0.86872
459.13,0.86059
459.73,0.85283
460.32,0.84463
460.92,0.83563
461.52,0.82538
462.12,0.81426
462.71,0.80246
463.31,0.7905
463.91,0.77881
464.5,0.7674
465.1,0.7564
465.7,0.74668
466.3,0.73767
466.89,0.72967
467.49,0.72286
468.09,0.71704
468.68,0.713
469.28,0.71039
469.88,0.70859
470.48,0.70628
471.07,0.70303
471.67,0.69806
472.27,0.692
472.86,0.68481
473.46,0.67716
474.06,0.66932
474.65,0.66199
475.25,0.65477
475.85,0.64815
476.45,0.64157
477.04,0.63533
477.64,0.62967
478.24,0.62428
478.83,0.61981
479.43,0.61565
480.03,0.61151
480.62,0.60813
481.22,0.60498
481.82,0.60197
482.42,0.59912
483.01,0.59691
483.61,0.59496
484.21,0.59322
484.8,0.59151
485.4,0.59011
486.,0.58868
486.59,0.58739
487.19,0.58624
487.79,0.58533
488.38,0.58439
488.98,0.58338
489.58,0.58291
490.18,0.58245
490.77,0.58153
491.37,0.58125
491.97,0.58064
492.56,0.58008
493.16,0.58001
493.76,0.57977
494.35,0.57993
494.95,0.57953
495.55,0.57925
496.14,0.57848
496.74,0.5787
497.34,0.579
497.93,0.57884
498.53,0.57826
499.13,0.57842
499.73,0.57815
500.32,0.57788
500.92,0.57774
501.52,0.57805
502.11,0.57817
502.71,0.57798
503.31,0.57797
503.9,0.57774
504.5,0.57721
505.1,0.57729
505.69,0.57767
506.29,0.57746
506.89,0.57717
507.48,0.57723
508.08,0.57691
508.68,0.57664
509.27,0.57644
509.87,0.57654
510.47,0.5766
511.06,0.5768
511.66,0.57662
512.26,0.57664
512.85,0.57635
513.45,0.5762
514.05,0.5764
514.64,0.57664
515.24,0.57629
515.84,0.5758
516.43,0.57523
517.03,0.57534
517.63,0.57503
518.22,0.57513
518.82,0.5749
519.42,0.57463
520.01,0.57437
520.61,0.57428
521.21,0.57379
521.8,0.57372
522.4,0.57354
523.,0.57319
523.59,0.57299
524.19,0.57255
524.79,0.57254
525.38,0.57246
525.98,0.5725
526.58,0.57207
527.17,0.57176
527.77,0.57159
528.37,0.57116
528.96,0.57118
529.56,0.5709
530.16,0.5707
530.75,0.57068
531.35,0.57029
531.95,0.56982
532.54,0.56963
533.14,0.56959
533.74,0.56919
534.33,0.56874
534.93,0.56876
535.52,0.56861
536.12,0.56868
536.72,0.56871
537.31,0.56854
537.91,0.56812
538.51,0.56785
539.1,0.56811
539.7,0.56819
540.3,0.56819
540.89,0.56828
541.49,0.56823
542.09,0.56814
542.68,0.56825
543.28,0.56835
543.88,0.56853
544.47,0.56873
545.07,0.56854
545.66,0.56873
546.26,0.56895
546.86,0.56891
547.45,0.56948
548.05,0.56908
548.65,0.56902
549.24,0.56936
549.84,0.56982
550.44,0.5701
551.03,0.56992
551.63,0.57043
552.23,0.57062
552.82,0.57062
553.42,0.57094
554.01,0.57126
554.61,0.57141
555.21,0.57141
555.8,0.57215
556.4,0.57252
557.,0.57267
557.59,0.57322
558.19,0.57351
558.78,0.57408
559.38,0.57487
559.98,0.57577
560.57,0.57591
561.17,0.57619
561.77,0.57647
562.36,0.5769
562.96,0.5777
563.55,0.57823
564.15,0.57875
564.75,0.57964
565.34,0.58026
565.94,0.58049
566.54,0.58108
567.13,0.58209
567.73,0.58281
568.32,0.58369
568.92,0.5848
569.52,0.58547
570.11,0.58623
570.71,0.587
571.31,0.58756
571.9,0.58834
572.5,0.58909
573.09,0.59029
573.69,0.59109
574.29,0.59212
574.88,0.59293
575.48,0.59397
576.08,0.59496
576.67,0.59596
577.27,0.59641
577.86,0.59766
578.46,0.59882
579.06,0.59973
579.65,0.60104
580.25,0.60206
580.84,0.60301
581.44,0.60401
582.04,0.60508
582.63,0.60625
583.23,0.60728
583.82,0.60809
584.42,0.6092
585.02,0.61045
585.61,0.61166
586.21,0.61296
586.81,0.61395
587.4,0.61551
588.,0.61652
588.59,0.61781
589.19,0.6192
589.79,0.61999
590.38,0.62128
590.98,0.6227
591.57,0.62352
592.17,0.62494
592.77,0.62628
593.36,0.62806
593.96,0.62932
594.55,0.63066
595.15,0.63216
595.75,0.63338
596.34,0.63498
596.94,0.63635
597.53,0.63757
598.13,0.63832
598.73,0.63979
599.32,0.64199
599.92,0.64366
600.51,0.64493
601.11,0.64638
601.7,0.64788
602.3,0.64919
602.9,0.65047
603.49,0.65181
604.09,0.65394
604.68,0.6558
604.8,0.65617
605.4,0.65741
606.,0.65876
606.6,0.66048
607.2,0.66196
607.8,0.66265
608.4,0.66445
609.,0.66562
609.6,0.6666
610.2,0.66866
610.8,0.67027
611.4,0.67209
612.,0.67333
612.6,0.6755
613.19,0.67669
613.79,0.67769
614.39,0.67956
614.99,0.68066
615.59,0.6831
616.19,0.68468
616.79,0.68597
617.39,0.68762
617.99,0.68922
618.59,0.69041
619.19,0.69193
619.79,0.69368
620.39,0.69523
620.99,0.69734
621.58,0.69818
622.18,0.69972
622.78,0.70214
623.38,0.70369
623.98,0.70521
624.58,0.70642
625.18,0.70808
625.78,0.70929
626.38,0.71138
626.98,0.71236
627.58,0.71433
628.18,0.71579
628.78,0.71816
629.37,0.71898
629.97,0.72115
630.57,0.72253
631.17,0.72395
631.77,0.7262
632.37,0.72752
632.97,0.72942
633.57,0.73058
634.17,0.73232
634.77,0.73381
635.36,0.73509
635.96,0.73652
636.56,0.73911
637.16,0.74061
637.76,0.74249
638.36,0.74294
638.96,0.74449
639.56,0.74618
640.16,0.74774
640.76,0.74942
641.35,0.75081
641.95,0.75183
642.55,0.75426
643.15,0.75585
643.75,0.75695
644.35,0.75857
644.95,0.76044
645.55,0.76233
646.15,0.76306
646.74,0.76449
647.34,0.76631
647.94,0.76832
648.54,0.76988
649.14,0.77124
649.74,0.77278
650.34,0.77451
650.94,0.77572
651.53,0.77772
652.13,0.77919
652.73,0.78079
653.33,0.78213
653.93,0.78349
654.53,0.78505
655.13,0.78714
655.72,0.7886
656.32,0.7896
656.92,0.79075
657.52,0.79276
658.12,0.79445
658.72,0.79577
659.32,0.79703
659.92,0.79861
660.51,0.80082
661.11,0.80149
661.71,0.80262
662.31,0.80433
662.91,0.80567
663.51,0.80738
664.11,0.80863
664.7,0.81
665.3,0.81108
665.9,0.81182
666.5,0.81368
667.1,0.8155
667.7,0.81647
668.29,0.81822
668.89,0.81999
669.49,0.8211
670.09,0.82243
670.69,0.82383
671.29,0.82548
671.88,0.8258
672.48,0.82693
673.08,0.82899
673.68,0.83107
674.28,0.83217
674.88,0.83326
675.47,0.8342
676.07,0.8362
676.67,0.8373
677.27,0.83823
677.87,0.84
678.47,0.8407
679.06,0.84159
679.66,0.84337
680.26,0.84427
680.86,0.84502
681.46,0.8466
682.06,0.84732
682.65,0.84846
683.25,0.85013
683.85,0.8514
684.45,0.85187
685.05,0.85329
685.64,0.8544
686.24,0.85575
686.84,0.85656
687.44,0.85827
688.04,0.85942
688.63,0.86064
689.23,0.86218
689.83,0.86299
690.43,0.86425
691.03,0.86521
691.63,0.86556
692.22,0.86636
692.82,0.86772
693.42,0.86876
694.02,0.86959
694.62,0.87117
695.21,0.87133
695.81,0.87249
696.41,0.8738
697.01,0.8745
697.6,0.87517
698.2,0.87639
698.8,0.8771
699.4,0.87783
700.,0.87882
700.59,0.87929
701.19,0.88039
701.79,0.88185
702.39,0.8831
702.99,0.88383
703.58,0.88409
704.18,0.88462
704.78,0.88547
705.38,0.88674
705.97,0.88735
706.57,0.888
707.17,0.88888
707.77,0.89042
708.37,0.89121
708.96,0.89086
709.56,0.89183
710.16,0.8931
710.76,0.89435
711.35,0.89572
711.95,0.89616
712.55,0.89485
713.15,0.89604
713.74,0.89721
714.34,0.89806
714.94,0.89905
715.54,0.90007
716.14,0.90108
716.73,0.90139
717.33,0.90119
717.93,0.90173
718.53,0.90226
719.12,0.90263
719.72,0.90282
720.32,0.90367
720.92,0.90421
721.51,0.90471
722.11,0.90565
722.71,0.90596
723.31,0.90635
723.9,0.9072
724.5,0.90719
725.1,0.90763
725.7,0.90846
726.29,0.90906
726.89,0.90982
727.49,0.91112
728.08,0.91089
728.68,0.91142
729.28,0.91193
729.88,0.91148
730.47,0.91181
731.07,0.91229
731.67,0.91283
732.27,0.91338
732.86,0.91372
733.46,0.9144
734.06,0.91513
734.66,0.91535
735.25,0.91452
735.85,0.91387
736.45,0.91253
737.04,0.91283
737.64,0.91478
738.24,0.91637
738.84,0.91727
739.43,0.91769
740.03,0.91845
740.63,0.91953
741.22,0.91943
741.82,0.91897
742.42,0.91925
743.02,0.91902
743.61,0.91966
744.21,0.9193
744.81,0.91934
745.4,0.91966
746.,0.91997
746.6,0.92015
747.2,0.92134
747.79,0.92131
748.39,0.92162
748.99,0.92176
749.58,0.92164
750.18,0.92105
750.78,0.92138
751.37,0.92245
751.97,0.92246
752.57,0.92184
753.17,0.92215
753.76,0.92226
754.36,0.92196
754.96,0.92188
755.55,0.92239
756.15,0.9227
756.75,0.92242
757.34,0.92238
757.94,0.92284
758.54,0.9233
759.13,0.923
759.73,0.92325
760.33,0.92321
760.92,0.92326
761.52,0.92362
762.12,0.92301
762.72,0.92283
763.31,0.92321
763.91,0.92322
764.51,0.92326
765.1,0.92355
765.7,0.92421
766.3,0.92428
766.89,0.92432
767.49,0.92445
768.09,0.92326
768.68,0.92365
769.28,0.92402
769.88,0.92403
770.47,0.92404
771.07,0.92509
771.67,0.92504
772.26,0.92502
772.86,0.92408
773.46,0.92424
774.05,0.92476
774.65,0.92485
775.25,0.92458
775.84,0.92472
776.44,0.92415
777.03,0.92423
777.63,0.92454
778.23,0.92441
778.82,0.92311
779.42,0.92293
780.02,0.92401
780.61,0.92421
781.21,0.92378
781.81,0.9223
782.4,0.92319
783.,0.92397
783.6,0.92454
784.19,0.92389
784.79,0.92344
785.39,0.9236
785.98,0.92321
786.58,0.92383
787.17,0.9244
787.77,0.92397
788.37,0.92334
788.96,0.92312
789.56,0.92239
790.16,0.92276
790.75,0.92333
791.35,0.92324
791.94,0.92285
792.54,0.92146
793.14,0.92075
793.73,0.92097
794.33,0.92159
794.93,0.92103
795.52,0.92201
796.12,0.92135
796.71,0.92099
797.31,0.92024
797.91,0.91908
798.5,0.91989
799.1,0.91944
799.7,0.91925
800.29,0.91937
800.89,0.91992
801.48,0.91981
802.08,0.91977
802.68,0.91942
803.27,0.91887
803.87,0.9181
804.46,0.91816
805.06,0.91819
805.66,0.91771
806.25,0.91707
806.85,0.91664
807.44,0.91517
808.04,0.91612
808.64,0.91702
809.23,0.91658
809.83,0.91517
810.42,0.91476
811.02,0.9153
811.62,0.91493
812.21,0.91405
812.81,0.91384
813.4,0.91521
814.,0.91483
814.6,0.91398
815.19,0.91262
815.79,0.91172
816.38,0.91263
816.98,0.91267
817.57,0.9117
818.17,0.9117
818.77,0.91073
819.36,0.91108
819.96,0.91169
820.55,0.9111
821.15,0.91013
821.74,0.90942
822.34,0.90986
822.94,0.91002
823.53,0.90958
824.13,0.90822
824.72,0.90759
825.32,0.90795
825.91,0.90733
826.51,0.90692
827.11,0.90724
827.7,0.90718
828.3,0.90623
828.89,0.90595
829.49,0.90594
830.08,0.90545
830.68,0.90509
831.28,0.90472
831.87,0.90419
832.47,0.90411
833.06,0.90453
833.66,0.90328
834.25,0.90306
834.85,0.90241
835.44,0.90278
836.04,0.90153
836.64,0.90119
837.23,0.90074
837.83,0.89904
838.42,0.89888
839.02,0.89892
839.61,0.89877
840.21,0.89889
840.8,0.89826
841.4,0.89792
841.99,0.89793
842.59,0.89743
843.18,0.89714
843.78,0.89759
844.38,0.89707
844.97,0.89556
845.57,0.89428
846.16,0.89419
846.76,0.8933
847.35,0.89254
847.95,0.89248
848.54,0.89301
849.14,0.8928
849.73,0.89121
850.33,0.89051
850.92,0.88992
851.52,0.88993
852.11,0.89008
852.71,0.88891
853.3,0.88773
853.9,0.88783
854.49,0.88737
855.09,0.88761
855.68,0.88692
856.28,0.88626
856.88,0.88518
857.47,0.88502
858.07,0.88388
858.66,0.88299
859.26,0.88282
859.85,0.8822
860.45,0.88142
861.04,0.88132
861.64,0.88157
862.23,0.88084
862.83,0.87926
863.42,0.87892
864.02,0.87767
864.61,0.87702
865.21,0.87713
865.8,0.87693
866.4,0.87624
866.99,0.87591
867.59,0.875
868.18,0.87404
868.78,0.8737
869.37,0.87277
869.97,0.87206
870.56,0.87168
871.16,0.87039
871.75,0.86949
872.34,0.86941
872.94,0.86883
873.53,0.86804
874.13,0.86825
874.72,0.86804
875.32,0.86609
875.91,0.86551
876.51,0.86483
877.1,0.86448
877.7,0.86301
878.29,0.86325
878.89,0.86206
879.48,0.8612
880.08,0.86007
880.67,0.85973
881.27,0.8592
881.86,0.85775
882.46,0.85655
883.05,0.85615
883.65,0.85665
884.24,0.85605
884.83,0.85521
885.43,0.85368
886.02,0.85282
886.62,0.85276
887.21,0.85319
887.81,0.85176
888.4,0.84995
889.,0.85002
889.59,0.84908
890.19,0.84839
890.78,0.84739
891.37,0.84596
891.97,0.84458
892.56,0.84424
893.16,0.84385
893.75,0.84287
894.35,0.84152
894.94,0.84048
895.54,0.8401
896.13,0.83993
896.72,0.83918
897.32,0.83805
897.91,0.83684
898.51,0.83622
899.1,0.83551
899.7,0.83495
900.29,0.83535
900.89,0.83438
901.48,0.83263
902.07,0.83072
902.67,0.83028
903.26,0.83015
903.86,0.82912
904.45,0.82773
905.05,0.82676
905.64,0.82647
906.23,0.82639
906.83,0.82557
907.42,0.8245
908.02,0.82434
908.61,0.82352
909.21,0.82219
909.8,0.82081
910.39,0.8204
910.99,0.81963
911.58,0.81912
912.18,0.81889
912.77,0.81909
913.36,0.81748
913.96,0.8157
914.55,0.81383
915.15,0.81245
915.74,0.812
916.34,0.8099
916.93,0.80878
917.52,0.80968
918.12,0.81023
918.71,0.80899
919.31,0.80784
919.9,0.80654
920.49,0.80678
921.09,0.8055
921.68,0.80399
922.28,0.80359
922.87,0.80203
923.46,0.80089
924.06,0.79991
924.65,0.8
925.25,0.79867
925.84,0.79751
926.43,0.79599
927.03,0.7941
927.62,0.79451
928.21,0.7938
928.81,0.79293
929.4,0.79142
930.,0.7903
930.59,0.78944
931.18,0.78859
931.78,0.78841
932.37,0.78747
932.97,0.78652
933.56,0.78482
934.15,0.78304
934.75,0.78247
935.34,0.77996
935.93,0.77747
936.53,0.77608
937.12,0.77486
937.72,0.77538
938.31,0.77671
938.9,0.77594
939.5,0.77481
940.09,0.77337
940.68,0.7732
941.28,0.77333
941.87,0.77202
942.46,0.77129
943.06,0.77085
943.65,0.77009
944.25,0.76918
944.84,0.76894
945.43,0.7677
946.03,0.76728
946.62,0.76535
947.21,0.76402
947.81,0.76452
948.4,0.76456
948.99,0.76285
949.59,0.76208
950.18,0.76123
950.77,0.76043
951.37,0.75924
951.96,0.75882
952.55,0.75749
953.15,0.75669
953.74,0.7542
954.33,0.75441
954.93,0.75365
955.52,0.75255
956.11,0.75074
956.71,0.74893
957.3,0.74918
957.89,0.74846
958.49,0.74757
959.08,0.74579
959.67,0.74553
960.27,0.7454
960.86,0.74401
961.45,0.74294
962.05,0.74115
962.64,0.74013
963.23,0.73916
963.83,0.73846
964.42,0.73753
965.01,0.7373
965.61,0.7363
966.2,0.73409
966.79,0.73323
967.39,0.7325
967.98,0.73136
968.57,0.72998
969.17,0.72893
969.76,0.72818
970.35,0.72743
970.95,0.72623
971.54,0.72546
972.13,0.72541
972.73,0.72552
973.32,0.72397
973.91,0.7219
974.5,0.72058
975.1,0.7193
975.69,0.71814
976.28,0.71747
976.88,0.71715
977.47,0.71582
978.06,0.715
978.66,0.71461
979.25,0.71276
979.84,0.71103
980.43,0.71042
981.03,0.70989
981.62,0.70977
982.21,0.70971
982.81,0.70871
983.4,0.70721
983.99,0.70542
984.58,0.70435
985.18,0.70321
985.77,0.70271
986.36,0.70182
986.96,0.7013
987.55,0.69985
988.14,0.69922
988.73,0.69859
989.33,0.69707
989.92,0.69484
990.51,0.69453
991.11,0.69383
991.7,0.69214
992.29,0.69046
992.88,0.68975
993.48,0.68973
994.07,0.68925
994.66,0.68825
995.25,0.68795
995.85,0.68661
996.44,0.685
997.03,0.68452
997.63,0.68326
998.22,0.68393
998.81,0.68207
999.4,0.6806
1000.,0.67941
1000.59,0.67865
1001.18,0.67803
1001.77,0.67767
1002.37,0.67699
1002.96,0.67617
1003.55,0.67508
1004.14,0.67214
1004.74,0.67078
1005.33,0.66976
1005.92,0.67084
1006.51,0.67008
1007.11,0.66922
1007.7,0.66789
1008.29,0.66756
1008.88,0.66634
1009.48,0.6655
1010.07,0.66528
1010.66,0.66335
1011.25,0.66214
1011.85,0.66149
1012.44,0.66095
1013.03,0.66016
1013.62,0.66
1014.22,0.66006
1014.81,0.6592
1015.4,0.65693
1015.99,0.65492
1016.58,0.6541
1017.18,0.65358
1017.77,0.65302
1018.36,0.65082
1018.95,0.65004
1019.55,0.64935
1021.05,0.6474
1022.24,0.64624
1023.42,0.64232
1024.61,0.64214
1025.8,0.64115
1026.98,0.63659
1028.17,0.63484
1029.36,0.63289
1030.55,0.63175
1031.73,0.63253
1032.92,0.62935
1034.11,0.62685
1035.29,0.62545
1036.48,0.62432
1037.67,0.6223
1038.85,0.61948
1040.04,0.61809
1041.23,0.61662
1042.41,0.6144
1043.6,0.61388
1044.79,0.61203
1045.97,0.61035
1047.16,0.60902
1048.35,0.61031
1049.53,0.60635
1050.72,0.60416
1051.9,0.60222
1053.09,0.59965
1054.28,0.59746
1055.46,0.59782
1056.65,0.59623
1057.83,0.59508
1059.02,0.59118
1060.2,0.59205
1061.39,0.58998
1062.58,0.5872
1063.76,0.58277
1064.95,0.58016
1066.13,0.57817
1067.32,0.57804
1068.5,0.57644
1069.69,0.57474
1070.87,0.57124
1072.06,0.57237
1073.24,0.56745
1074.43,0.56814
1075.61,0.56445
1076.8,0.5626
1077.98,0.56098
1079.17,0.56084
1080.35,0.55783
1081.54,0.55692
1082.72,0.55262
1083.91,0.55042
1085.09,0.5496
1086.28,0.55062
1087.46,0.5449
1088.65,0.54281
1089.83,0.54304
1091.01,0.54147
1092.2,0.53908
1093.38,0.53805
1094.57,0.53355
1095.75,0.53217
1096.93,0.52886
1098.12,0.52894
1099.3,0.52825
1100.49,0.52582
1101.67,0.52173
1102.85,0.52341
1104.04,0.51897
1105.22,0.51865
1106.41,0.51789
1107.59,0.51481
1108.77,0.51242
1109.95,0.51096
1111.14,0.50824
1112.32,0.50592
1113.51,0.5031
1114.69,0.50216
1115.87,0.50233
1117.06,0.50112
1118.24,0.4968
1119.42,0.49497
1120.6,0.49158
1121.79,0.48906
1122.97,0.48541
1124.15,0.48603
1125.34,0.48462
1126.52,0.48225
1127.7,0.48092
1128.88,0.47755
1130.07,0.47662
1131.25,0.47678
1132.43,0.47232
1133.61,0.47058
1134.8,0.4699
1135.98,0.46696
1137.16,0.46275
1138.34,0.46075
1139.52,0.45982
1140.71,0.45707
1141.89,0.45649
1143.07,0.45273
1144.25,0.45093
1145.43,0.4496
1146.62,0.44687
1147.8,0.4451
1148.98,0.44094
1150.16,0.44062
1151.34,0.44053
1152.52,0.44106
1153.7,0.43989
1154.89,0.43589
1156.07,0.43259
1157.25,0.43336
1158.43,0.43056
1159.61,0.42608
1160.79,0.42474
1161.97,0.42532
1163.15,0.42071
1164.34,0.41824
1165.52,0.41735
1166.7,0.41333
1167.88,0.41391
1169.06,0.41159
1170.24,0.40894
1171.42,0.40668
1172.6,0.40645
1173.78,0.40344
1174.96,0.39871
1176.14,0.39973
1177.32,0.40122
1178.5,0.39939
1179.68,0.39557
1180.86,0.39327
1182.04,0.38875
1183.22,0.38966
1184.4,0.38622
1185.58,0.38462
1186.76,0.38159
1187.94,0.37942
1189.12,0.37585
1190.3,0.37549
1191.48,0.37466
1192.66,0.37088
1193.84,0.36668
1195.02,0.36611
1196.2,0.36307
1197.38,0.3607
1198.56,0.35987
1199.74,0.36032
1200.92,0.35938
1202.1,0.3571
1203.28,0.35423
1204.46,0.35208
1205.64,0.35084
1206.82,0.34938
1207.99,0.34817
1209.17,0.34626
1210.35,0.34568
1211.53,0.34313
1212.71,0.34038
1213.89,0.33924
1215.07,0.3372
1216.24,0.33478
1217.42,0.33484
1218.6,0.33498
1219.78,0.33207
1220.96,0.32826
1222.14,0.32433
1223.32,0.32541
1224.49,0.32446
1225.67,0.32368
1226.85,0.31983
1228.03,0.31963
1229.21,0.31972
1230.38,0.31636
1231.56,0.31281
1232.74,0.31034
1233.92,0.31137
1235.1,0.31091
1236.27,0.31136
1237.45,0.30821
1238.63,0.30751
1239.81,0.30532
1240.98,0.30436
1242.16,0.30028
1243.34,0.29613
1244.52,0.29635
1245.69,0.29693
1246.87,0.29586
1248.05,0.29263
1249.22,0.29227
1250.4,0.2936
1251.58,0.2901
1252.76,0.2883
1253.93,0.28546
1255.11,0.28472
1256.29,0.28326
1257.46,0.27982
1258.64,0.27685
1259.82,0.27828
1260.99,0.27894
1262.17,0.27569
1263.35,0.27345
1264.52,0.27056
1265.7,0.26955
1266.88,0.26743
1268.05,0.26666
1269.23,0.2692
1270.4,0.26596
1271.58,0.264
1272.76,0.26186
1273.93,0.26253
1275.11,0.26164
1276.28,0.25867
1277.02,0.25885
1278.2,0.25539
1279.38,0.25604
1280.56,0.25732
1281.74,0.25774
1282.91,0.25423
1284.09,0.24976
1285.27,0.25041
1286.45,0.25034
1287.63,0.24781
1288.8,0.24388
1289.98,0.24455
1291.16,0.24729
1292.34,0.24411
1293.51,0.24101
1294.69,0.24344
1295.87,0.24407
1297.05,0.23967
1298.22,0.23948
1299.4,0.23459
1300.58,0.23604
1301.75,0.2363
1302.93,0.23252
1304.11,0.23414
1305.29,0.23343
1306.46,0.23342
1307.64,0.23392
1308.82,0.23356
1309.99,0.2323
1311.17,0.2307
1312.35,0.22571
1313.52,0.22341
1314.7,0.22514
1315.88,0.22515
1317.05,0.22698
1318.23,0.2258
1319.4,0.2239
1320.58,0.2226
1321.76,0.22124
1322.93,0.2197
1324.11,0.21925
1325.29,0.21942
1326.46,0.2222
1327.64,0.21882
1328.81,0.21929
1329.99,0.21734
1331.17,0.21715
1332.34,0.21459
1333.52,0.21421
1334.69,0.21907
1335.87,0.2215
1337.05,0.21546
1338.22,0.21459
1339.4,0.21212
1340.57,0.21261
1341.75,0.20994
1342.92,0.21126
1344.1,0.21247
1345.27,0.21246
1346.45,0.21304
1347.62,0.21176
1348.8,0.2108
1349.97,0.20794
1351.15,0.21031
1352.33,0.21246
1353.5,0.21175
1354.68,0.20789
1355.85,0.20877
1357.02,0.20734
1358.2,0.20473
1359.37,0.20236
1360.55,0.20236
1361.72,0.2003
1362.9,0.19841
1364.07,0.20168
1365.25,0.19759
1366.42,0.19926
1367.6,0.20027
1368.77,0.20161
1369.94,0.1993
1371.12,0.19912
1372.29,0.1984
1373.47,0.19926
1374.64,0.20031
1375.82,0.20077
1376.99,0.19711
1378.17,0.19346
1379.34,0.19673
1380.51,0.19801
1381.69,0.19922
1382.86,0.20073
1384.03,0.20047
1385.21,0.20166
1386.38,0.19984
1387.56,0.19954
1388.73,0.19949
1389.9,0.19624
1391.08,0.1936
1392.25,0.19423
1393.42,0.19301
1394.6,0.19327
1395.77,0.19408
1396.94,0.19467
1398.12,0.19206
1399.29,0.189
1400.46,0.18787
1401.64,0.19395
1402.81,0.19464
1403.98,0.18982
1405.16,0.18882
1406.33,0.18479
1407.5,0.18834
1408.67,0.18539
1409.85,0.18863
1411.02,0.18824
1412.19,0.18533
1413.36,0.18684
1414.54,0.19018
1415.71,0.19217
1416.88,0.18807
1418.05,0.18451
1419.23,0.18577
1420.4,0.18305
1421.57,0.18176
1422.74,0.18306
1423.92,0.18356
1425.09,0.1864
1426.26,0.18697
1427.43,0.1878
1428.6,0.18683
1429.78,0.18415
1430.95,0.18441
1432.12,0.18408
1433.29,0.18414
1434.46,0.18483
1435.64,0.18417
1436.81,0.18963
1437.98,0.19056
1439.15,0.18806
1440.32,0.18279
1441.49,0.18502
1442.67,0.18337
1443.84,0.18197
1445.01,0.18124
1446.18,0.18361
1447.35,0.18067
1448.52,0.18192
1449.69,0.17908
1450.86,0.18171
1452.04,0.1815
1453.21,0.18169
1454.38,0.18101
1455.55,0.17681
1456.72,0.17594
1457.89,0.17791
1459.06,0.17361
1460.23,0.17573
1461.4,0.17727
1462.57,0.17551
1463.74,0.17293
1464.91,0.17433
1466.09,0.17462
1467.26,0.17886
1468.43,0.17594
1469.6,0.17297
1470.77,0.17584
1471.94,0.17574
1473.11,0.17731
1474.28,0.17567
1475.45,0.17634
1476.62,0.1711
1477.79,0.17021
1478.96,0.17556
1480.13,0.17323
1481.3,0.17391
1482.47,0.17479
1483.64,0.17641
1484.81,0.1746
1485.98,0.17257
1487.15,0.17201
1488.32,0.17366
1489.49,0.17495
1490.66,0.17845
1491.83,0.17859
1492.99,0.17791
1494.16,0.17508
1495.33,0.17407
1496.5,0.17333
1497.67,0.17207
1498.84,0.1714
1500.01,0.17259
1501.18,0.17186
1502.35,0.16924
1503.52,0.17053
1504.69,0.17604
1505.86,0.17776
1507.02,0.17438
1508.19,0.17209
1509.36,0.16851
1510.53,0.16979
1511.7,0.17314
1512.87,0.17417
1514.04,0.17531
1515.2,0.17492
1516.37,0.17606
1517.54,0.17428
1518.71,0.17547
1519.88,0.1757
1521.05,0.1732
1522.21,0.17465
1523.38,0.17636
1524.55,0.17531
1525.72,0.17535
1526.89,0.17002
1528.06,0.16818
1529.22,0.1675
1530.39,0.16876
1531.56,0.16841
1532.73,0.17106
1533.9,0.16844
1535.06,0.16576
1536.23,0.16621
1537.4,0.1621
1538.57,0.16633
1539.73,0.16849
1540.9,0.17066
1542.07,0.17176
1543.24,0.16649
1544.4,0.16367
1545.57,0.16362
1546.74,0.17094
1547.91,0.17094
1549.07,0.17268
1550.24,0.16725
1551.41,0.16353
1552.57,0.16611
1553.74,0.17008
1554.91,0.16949
1556.08,0.16947
1557.24,0.16668
1558.41,0.16696
1559.58,0.16621
1560.74,0.16564
1561.91,0.16676
1563.08,0.16667
1564.24,0.16561
1565.41,0.16691
1566.58,0.16495
1567.74,0.16328
1568.91,0.1679
1570.07,0.1696
1571.24,0.16906
1572.41,0.17145
1573.57,0.16807
1574.74,0.16932
1575.91,0.17221
1577.07,0.17011
1578.24,0.16994
1579.4,0.17067
1580.57,0.17303
1581.73,0.17087
1582.9,0.16746
1584.07,0.16979
1585.23,0.17532
1586.4,0.17207
1587.56,0.16693
1588.73,0.16625
1589.9,0.16694
1591.06,0.16634
1592.23,0.16989
1593.39,0.17355
1594.56,0.17188
1595.72,0.1653
1596.89,0.17131
1598.05,0.16782
1599.22,0.16661
