# sample: Caltech amethyst, Anahi, Bolivia, unheated (ameth.bo)
# host: quartz (SiO2), uniaxial; slab perpendicular to c, o-ray
# composition: none published (no composition, shape only)
# units: lambda_nm; A = decadic absorbance, Caltech file values resampled to a 5 nm grid (derived digest, selfcheck/caltech_grid5nm.json); T = 10^-A; Napierian alpha = 2.303 A / path_cm; reflection loss and baseline offset NOT removed
# path_cm: 0.617
# source: Caltech Mineral Spectroscopy Server (G. R. Rossman), http://minerals.gps.caltech.edu/FILES/Visible/quartz/ameth.bo; delivered in docs/chromophores/primary-2026-10/selfcheck/caltech_grid5nm.json; research-2026-10-primary-data.md; wavelengths sorted ascending, values unchanged
# note: shape only; 5 nm resampling. Computed D65 L*a*b* 68.6/10.6/-6.8
lambda_nm,A_E_perp_c
380,0.56533
385,0.54132
390,0.51539
395,0.4956
400,0.47895
405,0.46062
410,0.44319
415,0.42271
420,0.40189
425,0.38176
430,0.36179
435,0.34436
440,0.33543
445,0.32876
450,0.32675
455,0.32804
460,0.33189
465,0.33783
470,0.34552
475,0.35422
480,0.36516
485,0.37513
490,0.38753
495,0.39627
500,0.40683
505,0.41698
510,0.42615
515,0.43339
520,0.43922
525,0.44367
530,0.44913
535,0.45138
540,0.45143
545,0.4517
550,0.4492
555,0.44624
560,0.44053
565,0.43552
570,0.42877
575,0.41998
580,0.41084
585,0.40185
590,0.39529
595,0.38338
600,0.37597
605,0.36622
610,0.35683
615,0.34809
620,0.34116
625,0.33386
630,0.32538
635,0.31689
640,0.31103
645,0.30218
650,0.2953
655,0.28854
660,0.28333
665,0.27713
670,0.2737
675,0.26941
680,0.26335
685,0.26035
690,0.25502
695,0.25187
700,0.24753
705,0.25011
710,0.24957
715,0.24539
720,0.24287
725,0.23621
730,0.2328
735,0.23729
740,0.23834
745,0.23685
750,0.23727
755,0.23506
760,0.23501
765,0.23756
770,0.23531
775,0.23597
780,0.23853
