# sample: Caltech GRR 418, forsterite (San Carlos, Arizona), gamma ray (ol418.g)
# host: forsterite-fayalite (Pbnm), biaxial; gamma ray along the 4.76 A axis (Caltech index: 10 A axis = alpha, 6 A = beta, 4.7 A = gamma)
# composition: none published (no composition, shape only)
# units: lambda_nm; A = decadic absorbance as recorded (T = 10^-A); path-normalised absorbance, Napierian alpha = 2.303 A / path_cm; reflection loss and baseline offset are NOT removed
# path_cm: 0.066
# source: Caltech Mineral Spectroscopy Server (G. R. Rossman), http://minerals.gps.caltech.edu/FILES/Visible/olivine/ol418.g; delivered in docs/chromophores/primary-2026-10/data/peridot/; research-2026-10-primary-data.md; wavelengths sorted ascending, values unchanged
# caltech_header: Forsterite, GRR 418, San Carlos, AZ, R.T. | 0.66 mm, gamma
# note: shape only, no Fa analysis. The gamma slab is a separate, thinner section. Units not stated in the file; the values are consistent with decadic absorbance for the stated thickness (unverified). Range ~330-1993 nm at ~8 nm spacing
lambda_nm,A_gamma
328.10,0.39720
332.10,0.35830
334.60,0.33440
337.60,0.31110
340.40,0.29160
342.80,0.27430
345.70,0.25410
348.20,0.23380
350.30,0.21890
353.30,0.19830
355.90,0.18540
358.10,0.17360
360.10,0.16570
362.40,0.15660
365.00,0.15120
367.90,0.14690
371.20,0.14490
374.70,0.14540
378.20,0.14760
380.20,0.14840
382.80,0.14710
384.90,0.14310
387.80,0.13680
390.30,0.12830
393.20,0.11800
395.50,0.10910
396.90,0.10340
398.90,0.09880
400.50,0.09610
401.70,0.09180
403.60,0.08410
405.40,0.07810
407.50,0.07440
409.60,0.07270
412.40,0.07080
415.90,0.07040
419.10,0.07240
422.50,0.07440
426.30,0.07720
429.30,0.07940
430.80,0.08000
433.80,0.07940
436.10,0.07870
439.70,0.07730
443.20,0.07860
445.50,0.07880
448.20,0.07680
451.40,0.07250
452.50,0.07070
454.20,0.06790
458.60,0.06190
461.50,0.05710
465.20,0.05460
467.80,0.05330
470.70,0.05250
471.50,0.05180
473.90,0.04880
478.30,0.04610
484.90,0.04390
489.70,0.04180
495.90,0.03690
500.00,0.03250
503.20,0.02900
506.50,0.02600
516.10,0.02110
520.60,0.02020
536.00,0.01670
545.40,0.01440
555.10,0.01290
562.50,0.01250
568.70,0.01290
575.40,0.01410
582.10,0.01590
590.20,0.01690
598.70,0.01830
604.60,0.02120
609.90,0.02470
615.90,0.02670
620.30,0.02940
624.20,0.03180
628.60,0.03410
632.70,0.03470
637.60,0.03480
643.00,0.03460
646.80,0.03420
651.60,0.03270
657.80,0.03180
661.50,0.03130
667.40,0.03300
672.00,0.03290
676.20,0.03390
680.40,0.03500
683.80,0.03590
687.90,0.03810
691.10,0.04060
693.60,0.04220
698.70,0.04520
709.50,0.05200
724.90,0.06460
737.70,0.08130
751.40,0.09760
771.10,0.12840
786.50,0.15960
797.00,0.17840
811.20,0.20120
822.20,0.22110
834.20,0.24270
848.70,0.26790
858.90,0.29070
870.40,0.31280
877.00,0.33870
883.30,0.36750
894.70,0.40350
902.00,0.44200
910.10,0.48230
915.50,0.51670
919.70,0.55420
929.00,0.60310
931.90,0.64770
939.30,0.69200
942.60,0.74090
949.00,0.79570
956.30,0.85790
960.60,0.91490
965.70,0.96850
969.60,1.00600
974.30,1.05330
978.40,1.09670
984.90,1.15400
988.10,1.19630
993.50,1.24740
998.00,1.29790
1004.90,1.34570
1010.20,1.39250
1017.10,1.43300
1021.90,1.47050
1027.00,1.49780
1031.80,1.52340
1034.90,1.53310
1038.90,1.54160
1043.60,1.54780
1047.70,1.55050
1052.90,1.54450
1057.00,1.53510
1060.80,1.52040
1065.60,1.50150
1070.50,1.47690
1076.90,1.44130
1080.70,1.40940
1083.20,1.38810
1086.30,1.36190
1089.50,1.33350
1091.90,1.30580
1094.40,1.28090
1098.20,1.25390
1100.40,1.22830
1104.80,1.19230
1108.40,1.15380
1113.10,1.12140
1114.60,1.10040
1117.10,1.07760
1121.90,1.04880
1127.80,1.01440
1132.30,0.98490
1139.30,0.95610
1142.80,0.93150
1150.10,0.90540
1154.50,0.88490
1159.30,0.86580
1167.30,0.84730
1176.60,0.82960
1183.50,0.81330
1193.30,0.79420
1202.50,0.78030
1208.80,0.77040
1218.30,0.75550
1229.00,0.74040
1235.50,0.72980
1246.30,0.71360
1252.70,0.70070
1261.40,0.68390
1268.00,0.67020
1277.80,0.65010
1284.40,0.63500
1292.00,0.61590
1300.70,0.59180
1306.50,0.57460
1311.30,0.55970
1318.90,0.53650
1324.90,0.51830
1331.60,0.49380
1340.00,0.46960
1346.50,0.44660
1352.10,0.42720
1357.70,0.40880
1366.00,0.38260
1375.90,0.35680
1383.80,0.33320
1390.80,0.31320
1397.50,0.29430
1403.50,0.27650
1411.40,0.25450
1418.90,0.23900
1428.50,0.21920
1436.60,0.20270
1444.50,0.18570
1454.30,0.16760
1465.60,0.14870
1480.50,0.12640
1495.20,0.10490
1507.60,0.09040
1531.50,0.06600
1550.80,0.05110
1569.70,0.03770
1587.40,0.02850
1610.80,0.02000
1633.40,0.01470
1650.20,0.01160
1756.70,0.00140
1781.00,0.00220
1806.00,0.00150
1830.90,0.00070
1853.20,0.00020
1868.50,0.00000
1886.70,0.00110
1931.00,0.00160
1955.80,0.00250
1975.40,0.00220
1993.10,0.00330
