# sample: Caltech GRR 874, alexandrite, Lake Manyara, Tanzania (ch874.a)
# host: chrysoberyl (BeAl2O4), biaxial; beta ray, vibrating along the 9.40 A axis (header: E||a = beta in the Pnma cell, short direction, yellow)
# composition: none published (no composition, shape only)
# units: lambda_nm; A = decadic absorbance as recorded (T = 10^-A); path-normalised absorbance, Napierian alpha = 2.303 A / path_cm; reflection loss and baseline offset are NOT removed
# path_cm: 0.0717
# source: Caltech Mineral Spectroscopy Server (G. R. Rossman), http://minerals.gps.caltech.edu/FILES/Visible/CHRYSOBeryl/ch874.a; delivered in docs/chromophores/primary-2026-10/data/alexandrite/; research-2026-10-primary-data.md; wavelengths sorted ascending, values unchanged
# caltech_header: Chrysoberyl, GRR 874, Lake Manyara, Tanzania | 0.717 mm, E||a=beta, short direction, yellow
# note: shape only. beta ray absorbs at 429 nm (A 2.02) and 564 nm (A 0.46); pedestal A ~0.11 at 700-750 nm. The gamma ray (ch874.b) and any alpha ray are not in the zip: gamma is in caltech_chrysoberyl_grr874_5nm.csv (5 nm digest); no alpha file exists on the server
lambda_nm,A_beta
330.0185,0.4849146
330.6168,0.4834302
331.2151,0.482015
331.8134,0.4834693
332.4116,0.4810024
333.0099,0.4710317
333.6082,0.4695055
334.2065,0.4688751
334.8047,0.465445
335.403,0.4620329
336.0012,0.4560168
336.5995,0.4548544
337.1977,0.4538433
337.7959,0.4466919
338.3942,0.4453156
338.9924,0.4421321
339.5906,0.4407294
340.1888,0.4359778
340.787,0.4292546
341.3853,0.4285297
341.9834,0.4243277
342.5816,0.4177555
343.1798,0.4108025
343.778,0.4070126
344.3762,0.3991202
344.9744,0.3952467
345.5725,0.3916602
346.1707,0.3886107
346.7689,0.3834315
347.367,0.3815041
347.9651,0.3798299
348.5633,0.3759084
349.1614,0.3719577
349.7596,0.3708493
350.3577,0.3677049
350.9558,0.3685767
351.5539,0.3660163
352.152,0.3645434
352.7501,0.3617907
353.3482,0.3629509
353.9463,0.3632503
354.5444,0.3629304
355.1425,0.3635073
355.7406,0.3650636
356.3387,0.3667964
356.9367,0.3681919
357.5348,0.3703493
358.1328,0.3746759
358.7309,0.3769487
359.3289,0.3794219
359.927,0.3830379
360.525,0.3862773
361.123,0.38891
361.7211,0.3922294
362.3191,0.3956362
362.9171,0.3993002
363.5151,0.4041254
364.1131,0.4085604
364.7112,0.4173937
365.3091,0.4266599
365.9071,0.437074
366.5051,0.4466759
367.1031,0.4567136
367.701,0.4682812
368.299,0.4780538
368.897,0.4869953
369.495,0.4951794
370.0929,0.5021339
370.6909,0.508462
371.2888,0.5147595
371.8867,0.5221869
372.4847,0.5309671
373.0826,0.5409831
373.6805,0.5516926
374.2784,0.5650888
374.8763,0.581472
375.4742,0.5985442
376.0722,0.6175367
376.67,0.6340501
377.2679,0.6477567
377.8658,0.6594228
378.4637,0.6686468
379.0616,0.6739147
379.6595,0.6778957
380.2573,0.683531
380.8552,0.6922436
381.453,0.702524
382.0509,0.716293
382.6487,0.7298489
383.2466,0.7437646
383.8444,0.758649
384.4422,0.7749538
385.04,0.7923116
385.6379,0.8106853
386.2357,0.8287885
386.8335,0.8488243
387.4313,0.8685107
388.0291,0.8885111
388.6269,0.9083999
389.2247,0.9294514
389.8224,0.9507879
390.4202,0.9730977
391.018,0.9954301
391.6158,1.019335
392.2135,1.043381
392.8113,1.067464
393.409,1.090953
394.0068,1.117577
394.6045,1.142713
395.2022,1.169616
395.8,1.197297
396.3977,1.225182
396.9954,1.252353
397.5931,1.281393
398.1908,1.307855
398.7885,1.337085
399.3862,1.364081
399.9839,1.391187
400.5816,1.415611
401.1793,1.443283
401.777,1.468379
402.3747,1.49071
402.9723,1.512774
403.57,1.537784
404.1676,1.55757
404.7653,1.582587
405.3629,1.60382
405.9606,1.625616
406.5582,1.647039
407.1559,1.669088
407.7534,1.690449
408.3511,1.710243
408.9487,1.729209
409.5463,1.74872
410.1439,1.765056
410.7415,1.784879
411.3391,1.80242
411.9367,1.816636
412.5343,1.830691
413.1318,1.846963
413.7294,1.858023
414.327,1.869822
414.9246,1.878215
415.5221,1.887572
416.1197,1.894716
416.7172,1.899985
417.3148,1.903159
417.9123,1.911883
418.5098,1.914172
419.1073,1.921354
419.7049,1.925312
420.3024,1.934095
420.8999,1.942722
421.4974,1.948802
422.0949,1.954259
422.6924,1.964419
423.2899,1.97213
423.8874,1.976122
424.4848,1.980297
425.0823,1.989102
425.6798,1.996769
426.2773,2.005416
426.8747,2.012779
427.4721,2.01912
428.0696,2.019941
428.667,2.018468
429.2645,2.020014
429.8619,2.015014
430.4593,2.010654
431.0568,2.00436
431.6542,1.996699
432.2516,1.987093
432.849,1.976043
433.4464,1.964815
434.0438,1.950348
434.6412,1.933657
435.2386,1.916891
435.8359,1.900274
436.4333,1.884552
437.0307,1.872728
437.6281,1.862041
438.2254,1.845403
438.8228,1.82237
439.4201,1.801933
440.0175,1.780086
440.6148,1.757918
441.2121,1.732683
441.8094,1.706531
442.4068,1.677927
443.0041,1.649626
443.6014,1.617616
444.1987,1.58444
444.796,1.549969
445.3933,1.515062
445.9906,1.478285
446.5879,1.440019
447.1852,1.402492
447.7824,1.36485
448.3797,1.327096
448.977,1.289643
449.5742,1.252618
450.1715,1.215594
450.7687,1.179289
451.366,1.143336
451.9632,1.108287
452.5604,1.074776
453.1577,1.042228
453.7549,1.010772
454.3521,0.9801672
454.9493,0.9505894
455.5465,0.9228297
456.1437,0.8970711
456.7409,0.873076
457.3381,0.8498147
457.9353,0.826476
458.5325,0.8045226
459.1296,0.7829534
459.7268,0.7619056
460.324,0.7416719
460.9211,0.7244604
461.5183,0.7113023
462.1154,0.6998883
462.7126,0.6878617
463.3097,0.6725342
463.9069,0.653387
464.504,0.6315821
465.1011,0.6092019
465.6982,0.5892582
466.2953,0.5752776
466.8925,0.5690058
467.4896,0.5628545
468.0867,0.5520136
468.6837,0.5428531
469.2809,0.5337887
469.8779,0.5149274
470.475,0.4851934
471.0721,0.4542025
471.6691,0.4291904
472.2662,0.4140663
472.8633,0.4050739
473.4603,0.388486
474.0573,0.3669441
474.6544,0.3476539
475.2514,0.331637
475.8484,0.3180237
476.4455,0.3062764
477.0425,0.295674
477.6395,0.2861639
478.2365,0.2779429
478.8335,0.2702975
479.4305,0.262743
480.0275,0.255726
480.6245,0.2487052
481.2215,0.2427575
481.8185,0.2371038
482.4154,0.2318311
483.0124,0.2270983
483.6093,0.2227458
484.2063,0.2186305
484.8033,0.2152153
485.4002,0.2117485
485.9972,0.2089827
486.5941,0.2059956
487.191,0.2035649
487.7879,0.2014253
488.3849,0.1995415
488.9818,0.1974517
489.5787,0.1959957
490.1756,0.1948298
490.7725,0.1937135
491.3694,0.1925744
491.9663,0.1917388
492.5631,0.1914845
493.16,0.1908917
493.7569,0.1905853
494.3538,0.1906944
494.9506,0.1906641
495.5475,0.1905864
496.1443,0.190488
496.7412,0.190797
497.338,0.1913459
497.9349,0.1918647
498.5317,0.1926282
499.1285,0.1935174
499.7253,0.1941877
500.3222,0.1948967
500.919,0.1959941
501.5158,0.1967513
502.1126,0.1978702
502.7094,0.19896
503.3062,0.2000103
503.903,0.2013242
504.4997,0.2028432
505.0965,0.2036976
505.6933,0.2053366
506.29,0.2072968
506.8868,0.2088771
507.4836,0.2103021
508.0803,0.2117369
508.677,0.2135638
509.2738,0.2157029
509.8705,0.2178294
510.4672,0.2198112
511.0639,0.2218008
511.6607,0.2238972
512.2574,0.2261621
512.8541,0.2286416
513.4508,0.2308109
514.0475,0.2330732
514.6442,0.2354749
515.2408,0.2378617
515.8375,0.2403847
516.4342,0.2429062
517.0309,0.2452163
517.6276,0.2481921
518.2242,0.2508111
518.8209,0.2537009
519.4175,0.2565093
520.0142,0.2593554
520.6108,0.2621283
521.2074,0.2652215
521.804,0.2681248
522.4006,0.2711291
522.9973,0.2744755
523.5939,0.2774879
524.1905,0.2806187
524.7871,0.2837283
525.3837,0.2870738
525.9803,0.2903121
526.5768,0.2934771
527.1735,0.2969055
527.77,0.3004301
528.3666,0.3041277
528.9631,0.3075433
529.5597,0.3107941
530.1563,0.3145045
530.7528,0.3178395
531.3494,0.3214401
531.9459,0.3251318
532.5424,0.3286774
533.139,0.3323233
533.7355,0.3356906
534.332,0.3392084
534.9285,0.3424625
535.525,0.3458266
536.1215,0.3494137
536.718,0.3533903
537.3145,0.3569623
537.911,0.3606822
538.5075,0.3640632
539.1039,0.367832
539.7004,0.3712271
540.2969,0.3743547
540.8934,0.3776085
541.4898,0.3810789
542.0862,0.3845178
542.6827,0.3880444
543.2791,0.3910998
543.8755,0.3944736
544.472,0.3976371
545.0684,0.4007854
545.6649,0.4041745
546.2613,0.4070933
546.8577,0.4099557
547.4541,0.4124616
548.0505,0.4155684
548.6469,0.4184556
549.2432,0.4214015
549.8397,0.4240145
550.436,0.4263337
551.0324,0.4286127
551.6287,0.431085
552.2251,0.4335729
552.8215,0.4358251
553.4178,0.4376431
554.0142,0.4396999
554.6105,0.4412651
555.2068,0.4429063
555.8032,0.4447631
556.3995,0.4465015
556.9958,0.4481151
557.5921,0.4492928
558.1884,0.4508193
558.7847,0.4519846
559.381,0.4532023
559.9774,0.4541801
560.5736,0.4548376
561.1699,0.4555024
561.7662,0.4559234
562.3624,0.4559735
562.9587,0.4567055
563.555,0.4571094
564.1512,0.457092
564.7475,0.4566664
565.3438,0.4565343
565.9399,0.4564026
566.5362,0.4560643
567.1324,0.4557294
567.7286,0.4549954
568.3249,0.4545096
568.9211,0.453292
569.5173,0.4521779
570.1135,0.4508664
570.7097,0.4493771
571.3059,0.448001
571.9021,0.446582
572.4983,0.445078
573.0945,0.4433571
573.6906,0.4416009
574.2868,0.4396851
574.8829,0.4377415
575.4791,0.4355298
576.0753,0.433365
576.6714,0.4306982
577.2676,0.4285608
577.8637,0.4263014
578.4598,0.4237991
579.056,0.4212351
579.6521,0.4179586
580.2482,0.4152802
580.8443,0.4126614
581.4404,0.4098353
582.0365,0.4065934
582.6326,0.4032319
583.2287,0.4005813
583.8248,0.3973432
584.4208,0.3940264
585.0169,0.3900702
585.613,0.386342
586.209,0.3830726
586.8051,0.3797033
587.4012,0.3761393
587.9972,0.3723702
588.5933,0.3691947
589.1893,0.3651455
589.7853,0.3610365
590.3813,0.3569771
590.9774,0.3531316
591.5734,0.3494674
592.1694,0.3458101
592.7654,0.3422242
593.3614,0.3383397
593.9574,0.3343355
594.5534,0.3304462
595.1494,0.326619
595.7454,0.32296
596.3413,0.3189382
596.9373,0.3148842
597.5333,0.3111005
598.1292,0.3075289
598.7252,0.3038799
599.3211,0.2996516
599.9171,0.2957115
600.513,0.2920969
601.1089,0.2885721
601.7049,0.2844383
602.3008,0.2813467
602.8967,0.2780236
603.4926,0.2745036
604.0886,0.2709977
604.6844,0.2679706
604.8019,0.2670715
605.4014,0.2638817
606.001,0.2599959
606.6005,0.2561956
607.2,0.2536467
607.7995,0.2504937
608.399,0.2476042
608.9984,0.2437206
609.5979,0.2413064
610.1973,0.2380521
610.7968,0.2356315
611.3962,0.232955
611.9956,0.2290803
612.595,0.2264101
613.1945,0.2240697
613.7938,0.2213718
614.3932,0.2186312
614.9926,0.2162842
615.5919,0.2131783
616.1913,0.2105825
616.7906,0.2089497
617.39,0.2067295
617.9893,0.2045683
618.5886,0.202198
619.1878,0.2001692
619.7871,0.1979772
620.3864,0.1955294
620.9857,0.1942807
621.5849,0.193165
622.1841,0.1912341
622.7834,0.1894013
623.3826,0.1876317
623.9818,0.1862131
624.581,0.1846156
625.1802,0.1832954
625.7794,0.1806803
626.3785,0.1789989
626.9777,0.1781984
627.5768,0.1765026
628.176,0.1739938
628.7751,0.1723397
629.3742,0.1715161
629.9733,0.1696112
630.5724,0.1685387
631.1715,0.1672431
631.7706,0.1655791
632.3696,0.1635535
632.9687,0.1626034
633.5677,0.1622652
634.1667,0.1607367
634.7657,0.1585359
635.3648,0.157106
635.9638,0.1560146
636.5627,0.1547356
637.1617,0.1536461
637.7607,0.151988
638.3597,0.1504842
638.9586,0.1499679
639.5576,0.1484385
640.1565,0.1473161
640.7554,0.1466737
641.3543,0.1466293
641.9532,0.1480191
642.5521,0.1498304
643.1509,0.1511697
643.7498,0.1505309
644.3487,0.1488779
644.9475,0.1465734
645.5463,0.1446565
646.1452,0.1431895
646.744,0.1415486
647.3428,0.1398159
647.9416,0.1387005
648.5403,0.1369654
649.1391,0.1361223
649.7379,0.1352335
650.3366,0.135115
650.9354,0.1348705
651.5341,0.1344854
652.1328,0.1340501
652.7315,0.134471
653.3302,0.1357366
653.9289,0.1354425
654.5276,0.1358707
655.1262,0.1354672
655.7249,0.1359507
656.3235,0.1363821
656.9222,0.1358006
657.5208,0.1354672
658.1194,0.134782
658.718,0.1348899
659.3166,0.1333653
659.9152,0.1330994
660.5137,0.1320321
661.1123,0.1312001
661.7109,0.13062
662.3094,0.1302904
662.908,0.1299849
663.5065,0.1292479
664.105,0.1294699
664.7034,0.1290764
665.3019,0.1292883
665.9005,0.129539
666.4989,0.1298406
667.0974,0.1284186
667.6958,0.1267303
668.2943,0.1266665
668.8926,0.1251674
669.4911,0.1235546
670.0895,0.1231704
670.6879,0.122867
671.2863,0.1219559
671.8846,0.1212884
672.483,0.1204492
673.0813,0.1205668
673.6797,0.1199035
674.278,0.1198837
674.8763,0.1206707
675.4746,0.1212658
676.0729,0.1220486
676.6712,0.1235728
677.2695,0.1269262
677.8677,0.128966
678.466,0.1255723
679.0643,0.1251848
679.6625,0.1251408
680.2607,0.1221571
680.8589,0.1202026
681.4572,0.1195299
682.0554,0.1184585
682.6535,0.1179534
683.2517,0.1165043
683.8499,0.1160779
684.448,0.1165047
685.0461,0.1152595
685.6443,0.1150118
686.2424,0.1151439
686.8405,0.114789
687.4386,0.1146769
688.0367,0.1149598
688.6348,0.1147188
689.2328,0.1148678
689.8309,0.1145036
690.429,0.114722
691.027,0.1146677
691.625,0.1146639
692.223,0.1145355
692.821,0.1140036
693.419,0.1137718
694.017,0.1142116
694.615,0.1138387
695.213,0.1143179
695.8109,0.1141928
696.4088,0.1137119
697.0068,0.1135233
697.6047,0.1140315
698.2026,0.1138403
698.8005,0.114802
699.3984,0.1139585
699.9963,0.1140721
700.5941,0.1140612
701.192,0.1139211
701.7899,0.1130691
702.3877,0.1136197
702.9855,0.1140024
703.5833,0.1139227
704.1812,0.1144651
704.7789,0.1144073
705.3767,0.1148448
705.9745,0.1144285
706.5723,0.1134241
707.17,0.1138925
707.7678,0.1137346
708.3655,0.1131207
708.9632,0.1137866
709.5609,0.1138062
710.1586,0.1132879
710.7563,0.1129035
711.354,0.113014
711.9517,0.1135613
712.5493,0.1138597
713.147,0.1146383
713.7446,0.1139354
714.3422,0.1127943
714.9399,0.1131959
715.5375,0.1135356
716.1351,0.1132483
716.7327,0.1127096
717.3303,0.1135327
717.9278,0.1136754
718.5253,0.1129961
719.1229,0.113045
719.7205,0.113001
720.3179,0.1120332
720.9155,0.1121321
721.513,0.1124676
722.1105,0.1127255
722.7079,0.1120473
723.3054,0.1124255
723.9029,0.1120206
724.5003,0.1119328
725.0978,0.1115909
725.6952,0.1119245
726.2926,0.1116135
726.89,0.1106815
727.4874,0.1120124
728.0848,0.1118345
728.6822,0.1113217
729.2795,0.1106515
729.8769,0.1110089
730.4742,0.111998
731.0716,0.1110997
731.6689,0.1108853
732.2662,0.111076
732.8635,0.1114807
733.4608,0.1108339
734.0581,0.1109134
734.6554,0.1116567
735.2526,0.1106224
735.8499,0.1108665
736.4471,0.1108055
737.0444,0.1110255
737.6416,0.1106336
738.2388,0.1102151
738.836,0.110513
739.4332,0.1100926
740.0304,0.110283
740.6276,0.1098374
741.2247,0.1104625
741.8218,0.109965
742.419,0.1109593
743.0161,0.110771
743.6132,0.1106015
744.2103,0.110842
744.8074,0.1106898
745.4045,0.1110282
746.0016,0.1116213
746.5986,0.1106746
747.1957,0.1108361
747.7927,0.1110857
748.3898,0.1106164
748.9868,0.111195
749.5838,0.1115954
750.1808,0.1112271
750.7778,0.1111009
751.3748,0.1107006
751.9717,0.1110284
752.5687,0.1105047
753.1656,0.109882
753.7626,0.110547
754.3595,0.1106502
754.9564,0.1110554
755.5533,0.1114711
756.1502,0.1106032
756.7471,0.1110495
757.344,0.1113081
757.9409,0.1114741
758.5377,0.1116548
759.1346,0.1117323
759.7314,0.1114025
760.3282,0.1101661
760.925,0.1108623
761.5219,0.111787
762.1186,0.1114342
762.7154,0.1112624
763.3122,0.1105225
763.9089,0.1101173
764.5057,0.1112589
765.1024,0.1115385
765.6992,0.1103981
766.2958,0.1100385
766.8926,0.110517
767.4893,0.1119099
768.0859,0.1104859
768.6826,0.1107116
769.2793,0.1102857
769.876,0.110298
770.4726,0.1104763
771.0692,0.1097654
771.6658,0.1094974
772.2625,0.1099217
772.8591,0.1103062
773.4557,0.1102346
774.0522,0.110165
774.6488,0.1109453
775.2454,0.1110734
775.8419,0.1107425
776.4385,0.1104575
777.035,0.1106511
777.6315,0.1110749
778.228,0.1102539
778.8245,0.1110196
779.421,0.1101034
780.0175,0.1104911
780.614,0.1110777
781.2104,0.1110334
781.8069,0.1108719
782.4033,0.1106204
782.9997,0.1098439
783.5961,0.1106007
784.1925,0.1111702
784.7889,0.1106563
785.3853,0.1097228
785.9817,0.110965
786.5781,0.1110682
787.1744,0.1102037
787.7708,0.1103011
788.3671,0.1099783
788.9634,0.110448
789.5597,0.1105402
790.156,0.1111587
790.7523,0.1111924
791.3486,0.1113792
791.9448,0.1116551
792.5411,0.1115037
793.1373,0.1106461
793.7336,0.1109166
794.3298,0.1116945
794.926,0.112202
795.5222,0.1119057
796.1184,0.111999
796.7146,0.1116957
797.3108,0.1121933
797.9069,0.1129096
798.5031,0.1124592
799.0992,0.112246
799.6954,0.1122207
800.2915,0.1124113
800.8876,0.112463
801.4837,0.1125959
802.0798,0.1123426
802.6758,0.1120275
803.2719,0.1133457
803.868,0.1129986
804.4641,0.1133049
805.0601,0.1139535
805.6561,0.1134271
806.2521,0.1136165
806.8481,0.1134994
807.4441,0.1132593
808.0401,0.112876
808.6361,0.1134802
809.2321,0.1140757
809.828,0.1139438
810.424,0.1133405
811.0199,0.1133209
811.6158,0.1136938
812.2117,0.1137151
812.8076,0.1134597
813.4035,0.1128379
813.9994,0.1141229
814.5953,0.1138066
815.1911,0.1145324
815.787,0.1141412
816.3828,0.1141317
816.9786,0.1137814
817.5745,0.1136882
818.1702,0.1132196
818.7661,0.1142255
819.3618,0.1141119
819.9576,0.1144002
820.5534,0.1135248
821.1491,0.11323
821.7449,0.1143792
822.3406,0.1148013
822.9363,0.1137104
823.532,0.1146895
824.1277,0.1136476
824.7234,0.1135294
825.3192,0.1141289
825.9148,0.1142039
826.5104,0.1140124
827.1061,0.1137108
827.7017,0.1140787
828.2974,0.1140853
828.893,0.1139802
829.4886,0.1140097
830.0842,0.1129952
830.6798,0.1133297
831.2754,0.1125331
831.8709,0.1130446
832.4665,0.1136843
833.062,0.1127922
833.6576,0.1130843
834.2531,0.1127433
834.8486,0.1133643
835.4441,0.1141469
836.0396,0.1144141
836.6351,0.1138088
837.2306,0.1127996
837.826,0.1129473
838.4214,0.1126835
839.0169,0.1131757
839.6124,0.1138621
840.2078,0.1137084
840.8032,0.1140821
841.3986,0.1133686
841.994,0.1124954
842.5894,0.1133801
843.1847,0.1139462
843.7801,0.1129349
844.3754,0.1130943
844.9708,0.1134132
845.5661,0.1145509
846.1614,0.1134071
846.7567,0.1130301
847.352,0.1122385
847.9473,0.1128704
848.5425,0.1135591
849.1378,0.1134282
849.733,0.1132418
850.3283,0.1132029
850.9235,0.1131366
851.5187,0.1126501
852.114,0.1129962
852.7092,0.1131919
853.3044,0.1122757
853.8995,0.1127973
854.4947,0.1133548
855.0898,0.1126473
855.685,0.1147896
856.2802,0.1155957
856.8753,0.1139134
857.4704,0.1139599
858.0655,0.1156163
858.6606,0.1151306
859.2557,0.1137444
859.8508,0.1140457
860.4458,0.1141252
861.0409,0.114258
861.6359,0.1144111
862.231,0.1148247
862.826,0.1143881
863.421,0.1146777
864.016,0.1160627
864.611,0.1169764
865.2059,0.1170245
865.8009,0.1167822
866.3959,0.1173667
866.9908,0.117393
867.5858,0.1174542
868.1807,0.1168567
868.7756,0.1170644
869.3705,0.1168711
869.9654,0.1178879
870.5603,0.1179709
871.1552,0.117955
871.7501,0.1167105
872.3449,0.1165257
872.9398,0.1173463
873.5346,0.1177551
874.1294,0.1171063
874.7242,0.116791
875.319,0.117759
875.9138,0.1169402
876.5086,0.1173068
877.1034,0.1179561
877.6981,0.1191028
878.2928,0.1187033
878.8876,0.1179028
879.4824,0.1180077
880.0771,0.1182012
880.6718,0.1182904
881.2665,0.1181817
881.8611,0.1185466
882.4558,0.1193618
883.0505,0.1189645
883.6451,0.1185768
884.2398,0.1188301
884.8344,0.1183886
885.4291,0.1189277
886.0237,0.118445
886.6183,0.1184292
887.2129,0.1187473
887.8074,0.1189235
888.402,0.118672
888.9966,0.1180838
889.5911,0.1176894
890.1857,0.1193952
890.7802,0.1200333
891.3748,0.1193172
891.9692,0.1200367
892.5637,0.1196039
893.1582,0.1194934
893.7527,0.1192016
894.3472,0.1199069
894.9417,0.1206231
895.5361,0.1197936
896.1305,0.1196263
896.7249,0.1204842
897.3193,0.1209179
897.9138,0.120755
898.5082,0.1215262
899.1025,0.1207986
899.6969,0.1206697
900.2913,0.1218853
900.8856,0.1228664
901.48,0.1216253
902.0743,0.1210285
902.6686,0.1213473
903.2629,0.1216116
903.8572,0.1205214
904.4515,0.1208178
905.0458,0.1214009
905.6401,0.121411
906.2343,0.1206374
906.8286,0.1218263
907.4228,0.121627
908.017,0.1223365
908.6113,0.1221123
909.2054,0.1207658
909.7997,0.1214266
910.3939,0.1226979
910.988,0.1221857
911.5822,0.1217969
912.1763,0.1208997
912.7704,0.1206485
913.3646,0.1212241
913.9587,0.1221842
914.5529,0.1216676
915.1469,0.1215777
915.741,0.1224299
916.3351,0.1227276
916.9292,0.1218698
917.5233,0.1219685
918.1173,0.1225336
918.7113,0.1222471
919.3054,0.1227369
919.8994,0.1227969
920.4934,0.1236281
921.0874,0.1232934
921.6813,0.1235452
922.2753,0.1240522
922.8693,0.1234328
923.4633,0.1231476
924.0572,0.1250822
924.6511,0.1250329
925.2451,0.124979
925.839,0.1248817
926.4329,0.1237143
927.0268,0.1238791
927.6207,0.125412
928.2145,0.1245362
928.8083,0.1241862
929.4022,0.1242236
929.9961,0.1253276
930.5899,0.1244938
931.1837,0.1241036
931.7775,0.1260439
932.3713,0.1269489
932.9651,0.1284987
933.5589,0.1302493
934.1526,0.1307157
934.7464,0.1320261
935.3401,0.1331048
935.9339,0.1344755
936.5276,0.1348316
937.1213,0.13495
937.715,0.1353413
938.3087,0.1341104
938.9024,0.1333612
939.4961,0.1326339
940.0897,0.1310752
940.6834,0.1292554
941.277,0.1287277
941.8707,0.1273209
942.4643,0.1253399
943.0579,0.1257708
943.6515,0.1254551
944.2451,0.1242291
944.8386,0.123422
945.4322,0.1242375
946.0258,0.1241002
946.6193,0.1240923
947.2128,0.1234901
947.8064,0.1236029
948.3999,0.1239448
948.9934,0.1234583
949.5869,0.1223206
950.1804,0.1214686
950.7739,0.1223135
951.3673,0.1222051
951.9608,0.1212567
952.5542,0.1229676
953.1476,0.1243781
953.7411,0.1240848
954.3345,0.1239392
954.9279,0.1244815
955.5212,0.1245291
956.1146,0.1252293
956.708,0.125377
957.3014,0.1249651
957.8947,0.1237967
958.488,0.1254294
959.0814,0.1262106
959.6747,0.1257999
960.268,0.1252564
960.8613,0.123976
961.4546,0.1241241
962.0479,0.1252376
962.6411,0.1258504
963.2344,0.125076
963.8276,0.1254158
964.4208,0.1265207
965.0141,0.1258876
965.6073,0.1270481
966.2005,0.1275431
966.7937,0.1266004
967.3868,0.1258483
967.98,0.1264153
968.5732,0.1256259
969.1663,0.1268517
969.7595,0.1273009
970.3526,0.1256085
970.9457,0.1265896
971.5388,0.1282384
972.1319,0.1279791
972.725,0.1278872
973.3181,0.1287591
973.9111,0.1293082
974.5042,0.1282548
975.0972,0.1286991
975.6902,0.1294621
976.2833,0.129003
976.8763,0.1297431
977.4693,0.1291539
978.0623,0.1291815
978.6553,0.1287947
979.2482,0.1280561
979.8412,0.1286643
980.4341,0.1294142
981.0271,0.130162
981.6201,0.1300606
982.213,0.1297203
982.8058,0.1287929
983.3987,0.1289228
983.9916,0.130326
984.5845,0.1308884
985.1774,0.1296451
985.7703,0.1301349
986.3631,0.1308885
986.9559,0.1303337
987.5488,0.1296924
988.1415,0.1301818
988.7344,0.1304341
989.3271,0.1305803
989.9199,0.1301617
990.5127,0.1292366
991.1055,0.1302476
991.6982,0.1302715
992.291,0.1300277
992.8837,0.1288311
993.4764,0.1286566
994.0692,0.1282678
994.6618,0.1278198
995.2545,0.1288106
995.8472,0.1289273
996.4399,0.128533
997.0325,0.1294945
997.6252,0.1289593
998.2178,0.1288309
998.8104,0.1288961
999.403,0.1292841
999.9957,0.1303856
1000.588,0.1306684
1001.181,0.1305188
1001.773,0.1308212
1002.366,0.132897
1002.958,0.1333673
1003.551,0.1327027
1004.144,0.1326158
1004.736,0.132464
1005.329,0.1308565
1005.921,0.1300758
1006.514,0.1306322
1007.106,0.1311042
1007.699,0.1313053
1008.291,0.131859
1008.883,0.1305313
1009.476,0.1299732
1010.068,0.1301681
1010.661,0.129527
1011.253,0.1305998
1011.846,0.131711
1012.438,0.1325658
1013.03,0.1324691
1013.623,0.1316237
1014.215,0.1314575
1014.807,0.1320439
1015.4,0.1316287
1015.992,0.1321254
1016.584,0.1314785
1017.177,0.1299714
1017.769,0.1308527
1018.361,0.1322028
1018.953,0.1331767
1019.546,0.1324467
1020.138,0.1329111
1020.73,0.1318741
1021.322,0.133039
1021.915,0.1324545
1022.507,0.1318085
1023.099,0.1319785
1023.691,0.1333168
1024.283,0.1332077
1024.876,0.1329474
1025.468,0.1328934
1026.06,0.1331896
1026.652,0.1321165
1027.244,0.1321061
1027.836,0.1328547
1028.428,0.1327386
1029.02,0.1322025
1029.613,0.1329352
1030.205,0.1334085
1030.797,0.1333227
1031.389,0.132434
1031.981,0.1332154
1032.573,0.1327586
1033.165,0.1335153
1033.757,0.1327355
1034.349,0.1314362
1034.941,0.1326665
1035.533,0.1334832
1036.125,0.1322704
1036.717,0.1327514
1037.309,0.133273
1037.901,0.1345702
1038.492,0.1333097
1039.084,0.1332906
1039.676,0.1335581
1040.268,0.1343494
1040.86,0.1343533
1041.452,0.1346267
1042.044,0.1346171
1042.636,0.1345529
1043.228,0.134111
1043.819,0.1326911
1044.411,0.1328569
1045.003,0.1329024
1045.595,0.1338046
1046.187,0.1332888
1046.778,0.1320274
1047.37,0.1323339
1047.962,0.1323638
1048.554,0.1321576
1049.145,0.1325141
1049.737,0.1334109
1050.329,0.1325948
1050.92,0.1327799
1051.512,0.1325901
1052.104,0.1333172
1052.696,0.1340624
1053.287,0.1338577
1053.879,0.1336417
1054.47,0.1335122
1055.062,0.1334482
1055.654,0.1336437
1056.245,0.1326444
1056.837,0.1314992
1057.428,0.1314655
1058.02,0.1317122
1058.612,0.1309589
1059.203,0.1308237
1059.795,0.1299583
1060.386,0.1303972
1060.978,0.1298792
1061.569,0.1299965
1062.161,0.1302541
1062.752,0.1304233
1063.344,0.1300484
1063.935,0.1305038
1064.527,0.1306685
1065.118,0.1314174
1065.71,0.1315406
1066.301,0.1324014
1066.892,0.1317523
1067.484,0.1322443
1068.075,0.1313788
1068.667,0.1308851
1069.258,0.130679
1069.849,0.1315029
1070.441,0.1307627
1071.032,0.1309646
1071.624,0.1308743
1072.215,0.130624
1072.806,0.1307357
1073.397,0.1306445
1073.989,0.1304679
1074.58,0.1299139
1075.171,0.1297217
1075.763,0.129705
1076.354,0.1287732
1076.945,0.1289265
1077.536,0.1293659
1078.128,0.1297296
1078.719,0.1294516
1079.31,0.1284124
1079.901,0.1280466
1080.492,0.1291053
1081.083,0.1290864
1081.675,0.129039
1082.266,0.1290544
1082.857,0.1291261
1083.448,0.1289463
1084.039,0.1290216
1084.63,0.1293005
1085.221,0.1289415
1085.813,0.128216
1086.404,0.1288848
1086.995,0.1287967
1087.586,0.1287643
1088.177,0.1282122
1088.768,0.1283676
1089.359,0.1275694
1089.95,0.1279943
1090.541,0.1291022
1091.132,0.1297757
1091.723,0.1289992
1092.314,0.1276394
1092.905,0.1271421
1093.496,0.1275847
1094.087,0.1278899
1094.677,0.1288509
1095.268,0.1290103
1095.859,0.1276249
1096.45,0.1272527
1097.041,0.1275011
1097.632,0.1270688
1098.223,0.1268928
1098.814,0.1271492
1099.405,0.1276798
