# sample: Caltech GRR 418, forsterite (San Carlos, Arizona), alpha ray (ol418.a)
# host: forsterite-fayalite (Pbnm), biaxial; alpha ray along the 10.2 A axis (Caltech index: 10 A axis = alpha, 6 A = beta, 4.7 A = gamma)
# composition: none published (no composition, shape only)
# units: lambda_nm; A = decadic absorbance as recorded (T = 10^-A); path-normalised absorbance, Napierian alpha = 2.303 A / path_cm; reflection loss and baseline offset are NOT removed
# path_cm: 0.1141
# source: Caltech Mineral Spectroscopy Server (G. R. Rossman), http://minerals.gps.caltech.edu/FILES/Visible/olivine/ol418.a; delivered in docs/chromophores/primary-2026-10/data/peridot/; research-2026-10-primary-data.md; wavelengths sorted ascending, values unchanged
# caltech_header: Forsterite, GRR 418, San Carlos, AZ, R.T. | 1.141 mm, alpha,
# note: shape only, no Fa analysis. The gamma slab is a separate, thinner section. Units not stated in the file; the values are consistent with decadic absorbance for the stated thickness (unverified). Range ~330-1993 nm at ~8 nm spacing
lambda_nm,A_alpha
348.00,0.71140
349.90,0.65600
352.30,0.59900
354.60,0.54130
357.80,0.47680
360.00,0.43350
363.40,0.38390
366.10,0.35070
369.40,0.32010
372.50,0.29150
375.80,0.26940
378.30,0.25500
382.60,0.23920
385.00,0.23060
386.60,0.22580
388.40,0.22090
390.00,0.21830
391.50,0.21820
393.50,0.21790
394.70,0.21640
396.20,0.21340
397.70,0.21200
399.40,0.21450
400.60,0.21520
401.70,0.21650
403.20,0.21190
403.90,0.20610
405.50,0.19290
406.20,0.18440
407.70,0.17370
410.00,0.16670
413.80,0.15790
417.40,0.14930
421.80,0.14180
427.30,0.13300
432.90,0.12660
436.30,0.12350
439.90,0.11800
442.30,0.11710
445.20,0.11850
447.00,0.12020
449.50,0.12210
451.30,0.12280
453.50,0.12050
456.40,0.11430
460.50,0.10670
464.90,0.10110
473.30,0.08740
475.60,0.08240
478.80,0.07730
484.10,0.07330
487.20,0.07090
489.00,0.06970
490.40,0.06950
492.50,0.06920
494.10,0.06910
495.20,0.06850
496.70,0.06300
498.10,0.05890
501.40,0.05130
505.70,0.04620
510.20,0.04410
515.70,0.03990
521.20,0.03500
526.80,0.02970
533.40,0.02360
539.10,0.01880
545.70,0.01540
552.70,0.01260
562.00,0.01110
567.60,0.01130
576.10,0.01230
584.40,0.01500
590.80,0.01850
598.20,0.02180
603.70,0.02570
609.20,0.03160
612.70,0.03630
617.50,0.04150
622.90,0.04730
627.30,0.05190
631.30,0.05530
634.40,0.05730
639.50,0.05760
643.60,0.05670
647.80,0.05480
654.40,0.05280
661.40,0.05110
668.10,0.05050
674.70,0.05090
679.80,0.05300
683.90,0.05640
687.90,0.05920
691.80,0.06220
697.90,0.06970
699.90,0.07210
704.80,0.07880
719.30,0.10040
731.30,0.12350
742.30,0.15290
755.70,0.19120
766.00,0.22720
779.00,0.27620
796.40,0.34730
811.30,0.40360
826.60,0.45650
839.60,0.49220
849.40,0.51470
858.90,0.53120
870.80,0.53840
881.70,0.54070
889.30,0.54040
899.70,0.53810
908.40,0.53780
920.30,0.53870
929.20,0.54560
939.50,0.55480
947.20,0.57010
956.90,0.59060
966.40,0.61430
972.30,0.63870
979.20,0.66220
986.30,0.68490
993.50,0.71200
1001.70,0.73950
1009.50,0.76830
1016.40,0.78680
1024.20,0.80470
1031.60,0.82090
1037.90,0.82840
1044.60,0.83390
1052.40,0.83530
1061.00,0.82990
1065.60,0.82270
1071.20,0.81110
1076.80,0.79690
1084.80,0.77710
1094.70,0.75090
1104.00,0.72280
1112.00,0.69820
1120.70,0.67360
1127.90,0.65450
1134.80,0.63520
1143.40,0.61750
1151.70,0.60340
1162.60,0.58690
1175.10,0.57250
1186.50,0.55930
1199.10,0.54790
1211.90,0.53780
1225.00,0.52610
1238.40,0.51560
1286.40,0.45820
1294.40,0.44690
1299.70,0.44110
1302.70,0.43650
1310.70,0.42180
1320.70,0.40720
1328.00,0.39370
1338.00,0.37730
1345.40,0.36000
1352.60,0.34660
1361.40,0.32870
1370.70,0.31140
1378.40,0.29450
1385.10,0.28020
1392.00,0.26660
1397.50,0.25760
1400.20,0.25300
1403.60,0.24810
1414.20,0.22920
1425.00,0.20790
1436.90,0.18860
1450.10,0.16820
1461.20,0.15290
1474.40,0.13600
1487.00,0.11790
1501.50,0.10080
1515.70,0.08560
1533.70,0.06970
1547.90,0.05890
1564.10,0.04870
1581.60,0.03910
1599.20,0.03050
1619.50,0.02380
1635.40,0.01810
1762.10,0.00170
1789.60,0.00150
1814.60,0.00090
1842.70,0.00020
1870.90,0.00000
1938.80,0.00160
1965.70,0.00280
1992.60,0.00290
