# sample: Caltech GRR 418, forsterite (San Carlos, Arizona), beta ray (ol418.b)
# host: forsterite-fayalite (Pbnm), biaxial; beta ray along the 6.0 A axis (Caltech index: 10 A axis = alpha, 6 A = beta, 4.7 A = gamma)
# composition: none published (no composition, shape only)
# units: lambda_nm; A = decadic absorbance as recorded (T = 10^-A); path-normalised absorbance, Napierian alpha = 2.303 A / path_cm; reflection loss and baseline offset are NOT removed
# path_cm: 0.11381
# source: Caltech Mineral Spectroscopy Server (G. R. Rossman), http://minerals.gps.caltech.edu/FILES/Visible/olivine/ol418.b; delivered in docs/chromophores/primary-2026-10/data/peridot/; research-2026-10-primary-data.md; wavelengths sorted ascending, values unchanged
# caltech_header: Forsterite, GRR 418, San Carlos, AZ, R.T. | 1.1381 mm, beta,
# note: shape only, no Fa analysis. The gamma slab is a separate, thinner section. Units not stated in the file; the values are consistent with decadic absorbance for the stated thickness (unverified). Range ~330-1993 nm at ~8 nm spacing
lambda_nm,A_beta
346.80,0.96420
347.50,0.92520
348.50,0.87720
350.00,0.82520
351.20,0.76540
352.90,0.70590
354.10,0.66310
356.20,0.59940
358.80,0.53540
360.90,0.49340
364.00,0.44220
367.30,0.40210
369.60,0.38040
371.80,0.36520
374.10,0.35090
377.10,0.33990
380.20,0.32900
383.10,0.32160
386.40,0.31280
389.10,0.30300
390.50,0.29540
392.10,0.28910
395.10,0.28280
396.70,0.27790
399.30,0.27580
400.60,0.27810
401.40,0.27860
403.60,0.26930
404.60,0.25910
405.20,0.24770
407.40,0.23390
409.70,0.22470
411.80,0.21950
413.90,0.21600
416.70,0.21170
419.50,0.20950
421.20,0.20890
424.20,0.20950
426.90,0.21050
428.10,0.21070
433.30,0.20910
435.20,0.20840
437.90,0.20510
439.10,0.20210
441.50,0.19710
443.20,0.19600
445.00,0.19640
446.60,0.19930
447.80,0.20280
448.90,0.20480
450.40,0.20770
451.60,0.20890
452.80,0.20900
455.60,0.20410
457.30,0.19840
459.60,0.19370
462.10,0.18850
463.10,0.18630
465.40,0.18500
468.20,0.18450
470.40,0.18390
472.20,0.18120
473.60,0.17470
475.10,0.16810
476.30,0.16330
477.80,0.15640
478.60,0.15220
479.10,0.14970
480.20,0.14770
481.80,0.14660
483.30,0.14840
484.80,0.15220
486.10,0.15600
487.20,0.15850
488.90,0.16130
490.50,0.16210
493.00,0.16190
494.40,0.16030
495.90,0.15620
497.20,0.15020
498.50,0.14100
499.20,0.13360
500.50,0.12490
501.70,0.11670
502.80,0.11050
504.50,0.10270
506.90,0.09460
510.60,0.08770
515.20,0.08190
518.50,0.07890
522.10,0.07650
525.80,0.07570
529.20,0.07290
533.30,0.06800
536.30,0.06420
540.10,0.05980
545.10,0.05450
549.20,0.05100
553.50,0.04870
559.10,0.04770
564.00,0.04780
567.40,0.04880
571.80,0.05190
577.60,0.05510
583.30,0.05890
590.40,0.06470
595.90,0.06940
601.80,0.07560
606.80,0.07980
612.00,0.08500
618.20,0.09190
623.10,0.09700
628.40,0.10140
631.90,0.10410
636.40,0.10670
640.70,0.10730
645.20,0.10960
651.10,0.11070
656.30,0.11040
660.50,0.11040
665.40,0.11080
669.60,0.11110
673.80,0.11020
678.00,0.10890
681.10,0.11040
682.70,0.11200
688.50,0.11680
692.40,0.11910
696.40,0.12250
699.50,0.12470
704.80,0.12800
722.20,0.14470
738.00,0.16380
753.60,0.18800
764.60,0.21490
771.10,0.23320
779.10,0.24920
789.60,0.27190
802.20,0.30160
811.70,0.32340
826.20,0.34670
834.60,0.36080
843.30,0.37240
856.90,0.38460
868.30,0.39120
884.30,0.39480
905.10,0.39810
915.00,0.40310
923.90,0.40970
933.80,0.41900
938.30,0.42660
946.70,0.44040
955.60,0.46210
966.90,0.49090
976.70,0.52800
985.70,0.56390
995.70,0.60540
1006.60,0.64500
1017.70,0.69110
1028.60,0.73010
1037.90,0.76720
1046.70,0.79270
1054.80,0.81340
1060.90,0.83040
1067.80,0.84450
1075.80,0.85540
1081.80,0.86220
1088.30,0.86600
1093.40,0.86770
1099.30,0.86770
1106.10,0.86430
1113.10,0.85660
1119.10,0.84830
1124.30,0.83910
1134.90,0.82110
1144.20,0.80050
1156.10,0.77050
1169.80,0.73150
1185.70,0.68730
1200.20,0.64480
1210.20,0.61870
1283.50,0.43070
1299.10,0.40290
1314.00,0.37850
1330.50,0.35160
1344.40,0.32890
1358.80,0.30500
1370.60,0.28560
1383.00,0.26610
1395.80,0.24690
1410.50,0.22570
1426.20,0.20570
1438.70,0.18680
1452.20,0.16740
1464.50,0.15100
1485.40,0.12870
1498.80,0.11710
1513.90,0.10180
1527.60,0.08870
1540.50,0.07820
1555.90,0.06930
1572.60,0.05850
1588.10,0.04980
1603.90,0.04360
1618.30,0.03760
1634.00,0.03230
1774.90,0.01030
1788.80,0.00890
1810.20,0.00770
1833.00,0.00600
1861.70,0.00400
1954.60,0.00120
1973.50,0.00090
1990.90,0.00000
