# sample: Caltech GRR 3570, emerald, Afghanistan
# host: beryl (Be3Al2Si6O18), uniaxial; E_perp_c = o-ray, E_par_c = e-ray
# composition: none published (no composition, shape only; no Cr or V analysis)
# units: lambda_nm; A = decadic absorbance, Caltech file values resampled to a 5 nm grid (derived digest, selfcheck/caltech_grid5nm.json); T = 10^-A; Napierian alpha = 2.303 A / path_cm; reflection loss and baseline offset NOT removed
# path_cm: 0.0859
# source: Caltech Mineral Spectroscopy Server (G. R. Rossman), http://minerals.gps.caltech.edu/FILES/Visible/Beryl/Emerald_3570_a.asc and Emerald_3570_c.asc; delivered in docs/chromophores/primary-2026-10/selfcheck/caltech_grid5nm.json; research-2026-10-primary-data.md; wavelengths sorted ascending, values unchanged
# note: shape only. The raw files (1290 rows each, 350-1124 nm) were not saved verbatim; this is the 5 nm resampling used for the color self-check. Baseline A ~0.19 (E_perp_c) / 0.28 (E_par_c) at 740-780 nm. Computed D65 L*a*b* 73.1/-38.1/16.6 (E_perp_c), 72.3/-41.0/2.5 (E_par_c); no measured color exists
lambda_nm,A_E_perp_c,A_E_par_c
380,0.30147,0.30086
385,0.32029,0.32697
390,0.34543,0.36542
395,0.38266,0.41252
400,0.42765,0.46157
405,0.47461,0.51114
410,0.52195,0.55598
415,0.57021,0.58868
420,0.6167,0.60437
425,0.65731,0.60247
430,0.68125,0.58279
435,0.68453,0.54475
440,0.67573,0.50929
445,0.65452,0.47217
450,0.61882,0.42901
455,0.57324,0.38829
460,0.52133,0.34722
465,0.46133,0.30975
470,0.4091,0.28003
475,0.35688,0.25126
480,0.3174,0.22606
485,0.26924,0.20636
490,0.23394,0.19207
495,0.20873,0.18263
500,0.19259,0.17772
505,0.18427,0.17672
510,0.18165,0.17955
515,0.18361,0.18583
520,0.18902,0.19525
525,0.19748,0.20745
530,0.209,0.22208
535,0.22387,0.2395
540,0.24252,0.25918
545,0.26563,0.28164
550,0.2919,0.30646
555,0.32233,0.33397
560,0.35552,0.36315
565,0.3917,0.39271
570,0.42919,0.42286
575,0.46655,0.45188
580,0.50485,0.48087
585,0.53954,0.50911
590,0.57225,0.53905
595,0.5979,0.57233
600,0.61454,0.61292
605,0.62194,0.6465
610,0.61628,0.68317
615,0.598,0.72607
620,0.57207,0.76288
625,0.53951,0.7958
630,0.50737,0.82026
635,0.49502,0.80857
640,0.48176,0.82957
645,0.4398,0.87089
650,0.3995,0.86236
655,0.36433,0.77697
660,0.34142,0.74626
665,0.31677,0.72578
670,0.29337,0.63856
675,0.27317,0.55658
680,0.27956,0.52269
685,0.25719,0.67553
690,0.2211,0.48259
695,0.20207,0.40694
700,0.18674,0.35488
705,0.17456,0.31632
710,0.16551,0.28676
715,0.15814,0.26463
720,0.15329,0.24755
725,0.14926,0.23509
730,0.14659,0.2264
735,0.1453,0.22103
740,0.14414,0.21646
745,0.14327,0.2139
750,0.14262,0.2129
755,0.14224,0.2122
760,0.1423,0.2122
765,0.14236,0.2121
770,0.14227,0.21257
775,0.1426,0.2128
780,0.14301,0.2127
