# sample: Caltech GRR 874, alexandrite, Lake Manyara, Tanzania
# host: chrysoberyl (BeAl2O4), biaxial; beta ray along the 9.40 A axis (E||a in the Pnma cell, yellow), gamma ray along the 5.48 A axis (E||b, blue)
# composition: none published (no composition, shape only)
# units: lambda_nm; A = decadic absorbance, Caltech file values resampled to a 5 nm grid (derived digest, selfcheck/caltech_grid5nm.json); T = 10^-A; Napierian alpha = 2.303 A / path_cm; reflection loss and baseline offset NOT removed
# path_cm: 0.0717
# source: Caltech Mineral Spectroscopy Server (G. R. Rossman), http://minerals.gps.caltech.edu/FILES/Visible/CHRYSOBeryl/ch874.a and ch874.b; delivered in docs/chromophores/primary-2026-10/selfcheck/caltech_grid5nm.json; research-2026-10-primary-data.md; wavelengths sorted ascending, values unchanged
# note: shape only. beta: Y band 429 nm, U band 564 nm; gamma: Y 414 nm, U 596 nm and a narrow R line at 679 nm (A 0.64 on a 0.3 continuum, under-sampled at 5 nm). No alpha ray exists on the server. Computed D65 L*a*b* beta 74.1/-9.6/39.6, gamma 51.8/-57.5/-13.4
lambda_nm,A_beta,A_gamma
380,0.68111,0.70184
385,0.79115,0.74465
390,0.95742,0.8219
395,1.16051,0.93907
400,1.39184,1.06488
405,1.59093,1.16725
410,1.76112,1.23313
415,1.8794,1.25179
420,1.92965,1.2419
425,1.98789,1.22814
430,2.01401,1.2016
435,1.92359,1.14808
440,1.78073,1.08897
445,1.53805,0.96754
450,1.22622,0.7855
455,0.94823,0.61962
460,0.75265,0.49539
465,0.61299,0.39518
470,0.50885,0.34939
475,0.33838,0.26519
480,0.25605,0.21382
485,0.21407,0.19357
490,0.19517,0.18754
495,0.19066,0.19282
500,0.19451,0.20486
505,0.20356,0.22358
510,0.21826,0.25109
515,0.2369,0.28769
520,0.25929,0.33475
525,0.28492,0.39359
530,0.31353,0.4662
535,0.34287,0.55239
540,0.3728,0.65328
545,0.40042,0.76718
550,0.42464,0.89452
555,0.44234,1.03074
560,0.45421,1.17461
565,0.45661,1.31953
570,0.45112,1.4625
575,0.43731,1.594
580,0.4164,1.70804
585,0.39018,1.80044
590,0.35957,1.86723
595,0.32758,1.90466
600,0.29521,1.89596
605,0.26602,1.84851
610,0.23912,1.78137
615,0.21625,1.70204
620,0.19711,1.60433
625,0.18369,1.45919
630,0.16956,1.25549
635,0.15798,1.05128
640,0.14761,0.85863
645,0.14641,0.8222
650,0.13518,0.6377
655,0.13555,0.57898
660,0.13295,0.44273
665,0.12918,0.38292
670,0.12323,0.29925
675,0.12079,0.25829
680,0.12346,0.46797
685,0.11536,0.22147
690,0.11457,0.19423
695,0.11415,0.18028
700,0.11407,0.17492
705,0.11457,0.16964
710,0.11343,0.16541
715,0.11323,0.16325
720,0.11255,0.16167
725,0.11165,0.15866
730,0.11121,0.15712
735,0.11106,0.15676
740,0.11027,0.15583
745,0.1108,0.1561
750,0.11134,0.157
755,0.11109,0.15626
760,0.11085,0.15516
765,0.11149,0.15478
770,0.11034,0.15377
775,0.11102,0.15397
780,0.11048,0.15444
