# sample: Caltech GRR 1020a, medium blue sapphire, locality unknown (Australia?) (sa1020a.am)
# host: corundum (Al2O3), uniaxial; E_perp_c = o-ray
# composition: none published (no composition, shape only)
# units: lambda_nm; A = decadic absorbance as recorded (T = 10^-A); path-normalised absorbance, Napierian alpha = 2.303 A / path_cm; reflection loss and baseline offset are NOT removed
# path_cm: 0.4289
# source: Caltech Mineral Spectroscopy Server (G. R. Rossman), http://minerals.gps.caltech.edu/FILES/Visible/corundum/sa1020a.am; delivered in docs/chromophores/primary-2026-10/data/sapphire/; research-2026-10-primary-data.md; wavelengths sorted ascending, values unchanged
# caltech_header: Corundum, GRR1020a, locality unknown (Australia?), medium blue sapphire | 4.289 mm, E perp c
# note: shape only. Header says 4.289 mm, the index page says normalized to 3.00 mm (unresolved). Pedestal A 0.5-0.6 at 420-500 nm; the maximum (2.66) is the Fe2+-Fe3+ band at 870-890 nm. Range 351-1599 nm
lambda_nm,A_E_perp_c
351.0,1.72309
352.2,1.68742
353.3,1.63920
354.5,1.58164
355.7,1.50849
356.9,1.43151
358.1,1.38162
359.3,1.30656
360.5,1.27208
361.7,1.20809
362.9,1.16249
364.1,1.14134
365.3,1.13110
366.5,1.12741
367.7,1.12598
368.9,1.12022
370.1,1.12020
371.3,1.11811
372.5,1.13512
373.7,1.16734
374.9,1.26919
376.1,1.39132
377.3,1.47229
378.5,1.47414
379.7,1.45816
380.9,1.41954
382.1,1.40952
383.2,1.39362
384.4,1.37964
385.6,1.38460
386.8,1.41828
388.0,1.44669
389.2,1.43910
390.4,1.32524
391.6,1.20499
392.8,1.11832
394.0,1.05080
395.2,0.95265
396.4,0.86449
397.6,0.79144
398.8,0.73089
400.0,0.68340
401.2,0.64659
402.4,0.61639
403.6,0.59338
404.8,0.57302
406.0,0.55675
407.2,0.54329
408.4,0.53322
409.5,0.52500
410.7,0.51907
411.9,0.51421
413.1,0.51096
414.3,0.50807
415.5,0.50652
416.7,0.50521
417.9,0.50469
419.1,0.50457
420.3,0.50517
421.5,0.50587
422.7,0.50770
423.9,0.50963
425.1,0.51301
426.3,0.51636
427.5,0.52110
428.7,0.52678
429.9,0.53376
431.1,0.54173
432.3,0.55164
433.4,0.56320
434.6,0.57615
435.8,0.59093
437.0,0.60888
438.2,0.62922
439.4,0.65080
440.6,0.67409
441.8,0.69856
443.0,0.72347
444.2,0.74841
445.4,0.77235
446.6,0.79741
447.8,0.82725
449.0,0.86890
450.2,0.91996
451.4,0.94772
452.6,0.93203
453.8,0.90291
454.9,0.87618
456.1,0.85470
457.3,0.83831
458.5,0.82675
459.7,0.81594
460.9,0.80208
462.1,0.78217
463.3,0.75926
464.5,0.73625
465.7,0.71672
466.9,0.70114
468.1,0.69126
469.3,0.68841
470.5,0.68871
471.7,0.68363
472.9,0.67245
474.1,0.65892
475.3,0.64648
476.4,0.63557
477.6,0.62667
478.8,0.62024
480.0,0.61594
481.2,0.61391
482.4,0.61360
483.6,0.61454
484.8,0.61731
486.0,0.62095
487.2,0.62523
488.4,0.63040
489.6,0.63668
490.8,0.64319
492.0,0.65026
493.2,0.65774
494.4,0.66600
495.5,0.67397
496.7,0.68220
497.9,0.69133
499.1,0.69990
500.3,0.70925
501.5,0.71902
502.7,0.72862
503.9,0.73845
505.1,0.74823
506.3,0.75835
507.5,0.76883
508.7,0.77890
509.9,0.78948
511.1,0.80045
512.3,0.81066
513.5,0.82102
514.6,0.83234
515.8,0.84275
517.0,0.85309
518.2,0.86369
519.4,0.87426
520.6,0.88505
521.8,0.89529
523.0,0.90544
524.2,0.91597
525.4,0.92658
526.6,0.93673
527.8,0.94695
529.0,0.95706
530.2,0.96676
531.3,0.97655
532.5,0.98651
533.7,0.99631
534.9,1.00591
536.1,1.01501
537.3,1.02415
538.5,1.03259
539.7,1.04216
540.9,1.05060
542.1,1.05946
543.3,1.06804
544.5,1.07646
545.7,1.08419
546.9,1.09211
548.1,1.10006
549.2,1.10766
550.4,1.11488
551.6,1.12161
552.8,1.12854
554.0,1.13455
555.2,1.14143
556.4,1.14753
557.6,1.15342
558.8,1.15927
560.0,1.16510
561.2,1.17008
562.4,1.17501
563.6,1.17971
564.7,1.18463
565.9,1.18829
567.1,1.19248
568.3,1.19653
569.5,1.20026
570.7,1.20421
571.9,1.20749
573.1,1.21040
574.3,1.21356
575.5,1.21616
576.7,1.21840
577.9,1.22017
579.1,1.22263
580.2,1.22490
581.4,1.22670
582.6,1.22787
583.8,1.22890
585.0,1.23042
586.2,1.23190
587.4,1.23330
588.6,1.23371
589.8,1.23447
591.0,1.23541
592.2,1.23561
593.4,1.23620
594.6,1.23683
595.7,1.23704
596.9,1.23779
598.1,1.23729
599.3,1.23781
600.5,1.23756
601.7,1.23715
602.9,1.23733
604.1,1.23786
604.8,1.23808
606.0,1.23841
607.2,1.23819
608.4,1.23798
609.6,1.23761
610.8,1.23783
612.0,1.23818
613.2,1.23865
614.4,1.23908
615.6,1.24000
616.8,1.24036
618.0,1.24030
619.2,1.24016
620.4,1.24025
621.6,1.24109
622.8,1.24203
624.0,1.24287
625.2,1.24358
626.4,1.24426
627.6,1.24468
628.8,1.24488
630.0,1.24709
631.2,1.24774
632.4,1.24868
633.6,1.25069
634.8,1.25172
636.0,1.25337
637.2,1.25549
638.4,1.25594
639.6,1.25716
640.8,1.25945
642.0,1.26103
643.2,1.26352
644.3,1.26611
645.5,1.26840
646.7,1.27034
647.9,1.27261
649.1,1.27502
650.3,1.27695
651.5,1.27992
652.7,1.28292
653.9,1.28531
655.1,1.28873
656.3,1.29189
657.5,1.29540
658.7,1.29834
659.9,1.30062
661.1,1.30423
662.3,1.30742
663.5,1.31130
664.7,1.31555
665.9,1.31899
667.1,1.32323
668.3,1.32861
669.5,1.33223
670.7,1.33619
671.9,1.33984
673.1,1.34421
674.3,1.34840
675.5,1.35295
676.7,1.35830
677.9,1.36296
679.1,1.36775
680.3,1.37256
681.5,1.37750
682.7,1.38114
683.8,1.38665
685.0,1.39130
686.2,1.39647
687.4,1.40206
688.6,1.40846
689.8,1.41382
691.0,1.42045
692.2,1.42618
693.4,1.43186
694.6,1.43748
695.8,1.44204
697.0,1.44835
698.2,1.45450
699.4,1.46026
700.6,1.46746
701.8,1.47632
703.0,1.48317
704.2,1.48814
705.4,1.49556
706.6,1.50187
707.8,1.50889
709.0,1.51417
710.2,1.52196
711.4,1.52995
712.5,1.53599
713.7,1.54537
714.9,1.55373
716.1,1.56229
717.3,1.56964
718.5,1.57701
719.7,1.58433
720.9,1.59180
722.1,1.59996
723.3,1.60804
724.5,1.61659
725.7,1.62584
726.9,1.63470
728.1,1.64460
729.3,1.65248
730.5,1.66218
731.7,1.67091
732.9,1.67976
734.1,1.68876
735.3,1.69642
736.4,1.70472
737.6,1.71424
738.8,1.72480
740.0,1.73446
741.2,1.74661
742.4,1.75603
743.6,1.76584
744.8,1.77604
746.0,1.78671
747.2,1.79475
748.4,1.80401
749.6,1.81555
750.8,1.82372
752.0,1.83396
753.2,1.84560
754.4,1.85577
755.6,1.86812
756.7,1.87914
757.9,1.89060
759.1,1.90184
760.3,1.91263
761.5,1.92441
762.7,1.93294
763.9,1.94311
765.1,1.95338
766.3,1.96294
767.5,1.97546
768.7,1.98628
769.9,1.99792
771.1,2.01071
772.3,2.02432
773.5,2.03365
774.6,2.04839
775.8,2.05863
777.0,2.07004
778.2,2.07799
779.4,2.08797
780.6,2.09980
781.8,2.10815
783.0,2.11964
784.2,2.13144
785.4,2.14299
786.6,2.15699
787.8,2.16794
789.0,2.18179
790.2,2.19088
791.3,2.20411
792.5,2.21320
793.7,2.22383
794.9,2.23486
796.1,2.24408
797.3,2.25096
798.5,2.26516
799.7,2.27075
800.9,2.28154
802.1,2.29466
803.3,2.30559
804.5,2.31692
805.7,2.33022
806.8,2.34215
808.0,2.35303
809.2,2.36196
810.4,2.36886
811.6,2.38079
812.8,2.38722
814.0,2.39565
815.2,2.40209
816.4,2.41065
817.6,2.41848
818.8,2.42900
820.0,2.43728
821.1,2.44596
822.3,2.46173
823.5,2.46782
824.7,2.47915
825.9,2.48452
827.1,2.49916
828.3,2.50296
829.5,2.51458
830.7,2.51240
831.9,2.52344
833.1,2.52078
834.3,2.52943
835.4,2.53795
836.6,2.54521
837.8,2.55001
839.0,2.56025
840.2,2.55895
841.4,2.57312
842.6,2.58276
843.8,2.58923
845.0,2.60025
846.2,2.60073
847.4,2.61041
848.5,2.60875
849.7,2.61287
850.9,2.61984
852.1,2.61566
853.3,2.61738
854.5,2.61884
855.7,2.62224
856.9,2.62357
858.1,2.62966
859.3,2.62992
860.4,2.63676
861.6,2.63980
862.8,2.65101
864.0,2.64952
865.2,2.65111
866.4,2.65401
867.6,2.65682
868.8,2.65580
870.0,2.66417
871.2,2.65812
872.3,2.65324
873.5,2.65996
874.7,2.65785
875.9,2.65576
877.1,2.66658
878.3,2.65477
879.5,2.65315
880.7,2.65586
881.9,2.64969
883.1,2.65187
884.2,2.66266
885.4,2.65343
886.6,2.65828
887.8,2.65597
889.0,2.66165
890.2,2.64716
891.4,2.64400
892.6,2.64692
893.8,2.63792
894.9,2.63712
896.1,2.63289
897.3,2.62974
898.5,2.62133
899.7,2.62270
900.9,2.61856
902.1,2.61677
903.3,2.61649
904.5,2.60412
905.6,2.61191
906.8,2.60363
908.0,2.59454
909.2,2.59836
910.4,2.59443
911.6,2.58042
912.8,2.58323
914.0,2.57642
915.1,2.56557
916.3,2.56497
917.5,2.54832
918.7,2.54957
919.9,2.54411
921.1,2.53139
922.3,2.52791
923.5,2.52000
924.7,2.51473
925.8,2.51269
927.0,2.50053
928.2,2.49746
929.4,2.48606
930.6,2.48140
931.8,2.46865
933.0,2.47351
934.2,2.46288
935.3,2.44793
936.5,2.44345
937.7,2.43727
938.9,2.42731
940.1,2.42368
941.3,2.41523
942.5,2.40727
943.7,2.39492
944.8,2.37242
946.0,2.39599
947.2,2.36378
948.4,2.36575
949.6,2.35775
950.8,2.35047
952.0,2.33133
953.1,2.31930
954.3,2.30261
955.5,2.30551
956.7,2.28536
957.9,2.27607
959.1,2.26147
960.3,2.26244
961.5,2.24365
962.6,2.23519
963.8,2.22122
965.0,2.21232
966.2,2.20217
967.4,2.19091
968.6,2.17750
969.8,2.17365
970.9,2.15757
972.1,2.14787
973.3,2.13749
974.5,2.12240
975.7,2.11100
976.9,2.10362
978.1,2.09080
979.2,2.08107
980.4,2.06140
981.6,2.05515
982.8,2.04519
984.0,2.03422
985.2,2.01863
986.4,2.00599
987.5,1.99573
988.7,1.98619
989.9,1.96701
991.1,1.96093
992.3,1.94535
993.5,1.93668
994.7,1.92511
995.8,1.91348
997.0,1.90076
998.2,1.89183
999.4,1.87559
1000.6,1.86719
1002.0,1.85777
1004.4,1.83449
1006.8,1.80929
1009.2,1.78886
1011.5,1.76868
1013.9,1.74412
1016.3,1.72274
1018.7,1.70108
1021.0,1.67729
1023.4,1.65426
1025.8,1.63216
1028.2,1.60569
1030.5,1.58562
1032.9,1.56455
1035.3,1.54176
1037.7,1.52145
1040.0,1.49846
1042.4,1.47699
1044.8,1.45711
1047.2,1.43499
1049.5,1.41417
1051.9,1.39075
1054.3,1.36984
1056.6,1.34986
1059.0,1.32845
1061.4,1.30737
1063.8,1.28718
1066.1,1.26833
1068.5,1.25002
1070.9,1.22760
1073.2,1.20882
1075.6,1.19129
1078.0,1.17177
1080.4,1.15170
1082.7,1.13359
1085.1,1.11451
1087.5,1.09583
1089.8,1.08004
1092.2,1.06250
1094.6,1.04202
1096.9,1.02372
1099.3,1.00935
1101.7,0.99165
1104.0,0.97642
1106.4,0.96315
1108.8,0.94305
1111.1,0.92844
1113.5,0.91235
1115.9,0.89770
1118.2,0.88162
1120.6,0.86839
1123.0,0.85111
1125.3,0.84198
1127.7,0.82376
1130.1,0.81073
1132.4,0.79664
1134.8,0.78291
1137.2,0.76951
1139.5,0.75643
1141.9,0.74308
1144.3,0.73231
1146.6,0.72015
1149.0,0.70663
1151.3,0.69592
1153.7,0.68544
1156.1,0.67165
1158.4,0.66232
1160.8,0.64808
1163.2,0.63859
1165.5,0.62804
1167.9,0.62136
1170.2,0.60921
1172.6,0.59948
1175.0,0.58528
1177.3,0.57882
1179.7,0.56900
1182.0,0.55664
1184.4,0.55030
1186.8,0.54242
1189.1,0.53363
1191.5,0.52462
1193.8,0.51233
1196.2,0.50598
1198.6,0.50007
1200.9,0.49097
1203.3,0.48205
1205.6,0.47969
1208.0,0.47259
1210.4,0.46404
1212.7,0.45612
1215.1,0.45000
1217.4,0.44376
1219.8,0.43647
1222.1,0.42707
1224.5,0.42004
1226.8,0.41468
1229.2,0.40965
1231.6,0.40268
1233.9,0.39949
1236.3,0.39351
1238.6,0.38972
1241.0,0.38314
1243.3,0.37673
1245.7,0.37276
1248.0,0.36457
1250.4,0.36250
1252.8,0.35703
1255.1,0.35030
1257.5,0.34859
1259.8,0.34325
1262.2,0.33895
1264.5,0.33660
1266.9,0.33071
1269.2,0.32966
1271.6,0.32139
1273.9,0.32092
1276.3,0.31434
1278.2,0.30919
1280.6,0.30525
1282.9,0.30443
1285.3,0.30025
1287.6,0.29408
1290.0,0.29262
1292.3,0.29063
1294.7,0.28535
1297.0,0.28229
1299.4,0.27851
1301.8,0.27545
1304.1,0.27332
1306.5,0.27051
1308.8,0.26962
1311.2,0.26757
1313.5,0.26216
1315.9,0.26158
1318.2,0.26083
1320.6,0.25631
1322.9,0.25026
1325.3,0.25171
1327.6,0.24940
1330.0,0.24488
1332.3,0.24340
1334.7,0.24068
1337.0,0.24072
1339.4,0.24033
1341.7,0.23741
1344.1,0.23417
1346.4,0.23179
1348.8,0.22721
1351.1,0.22677
1353.5,0.22803
1355.8,0.23026
1358.2,0.22364
1360.5,0.22507
1362.9,0.21820
1365.2,0.21854
1367.6,0.21767
1369.9,0.21476
1372.3,0.21662
1374.6,0.21373
1377.0,0.21211
1379.3,0.21331
1381.7,0.21020
1384.0,0.21017
1386.4,0.21018
1388.7,0.20935
1391.1,0.20681
1393.4,0.19971
1395.8,0.20285
1398.1,0.20093
1400.5,0.19795
1402.8,0.20093
1405.2,0.19564
1407.5,0.19129
1409.8,0.19201
1412.2,0.19287
1414.5,0.19318
1416.9,0.18926
1419.2,0.18991
1421.6,0.18963
1423.9,0.18615
1426.3,0.18574
1428.6,0.18692
1430.9,0.18481
1433.3,0.18169
1435.6,0.18392
1438.0,0.17984
1440.3,0.18027
1442.7,0.18150
1445.0,0.18140
1447.4,0.17921
1449.7,0.17761
1452.0,0.17669
1454.4,0.17790
1456.7,0.17333
1459.1,0.17358
1461.4,0.17734
1463.7,0.17085
1466.1,0.17000
1468.4,0.17255
1470.8,0.17279
1473.1,0.17200
1475.4,0.17322
1477.8,0.16893
1480.1,0.16947
1482.5,0.16482
1484.8,0.16989
1487.1,0.16582
1489.5,0.17063
1491.8,0.16816
1494.2,0.16838
1496.5,0.16141
1498.8,0.16003
1501.2,0.16910
1503.5,0.16115
1505.9,0.16250
1508.2,0.16431
1510.5,0.16282
1512.9,0.16285
1515.2,0.16023
1517.5,0.16305
1519.9,0.16027
1522.2,0.16172
1524.6,0.16017
1526.9,0.15957
1529.2,0.15893
1531.6,0.15478
1533.9,0.15643
1536.2,0.15567
1538.6,0.15593
1540.9,0.15683
1543.2,0.15382
1545.6,0.15404
1547.9,0.15300
1550.2,0.15795
1552.6,0.15687
1554.9,0.15663
1557.2,0.15229
1559.6,0.15090
1561.9,0.15307
1564.2,0.15192
1566.6,0.14987
1568.9,0.15053
1571.2,0.15417
1573.6,0.15172
1575.9,0.14945
1578.2,0.14859
1580.6,0.15297
1582.9,0.15265
1585.2,0.15124
1587.6,0.14993
1589.9,0.15070
1592.2,0.14649
1594.6,0.15100
1596.9,0.14854
1599.2,0.15440
