# sample: Caltech GRR 1265, zoisite (tanzanite), Tanzania
# host: zoisite (Pnma), biaxial; E||a = gamma (16.2 A axis, yellow-green), E||b = alpha (5.55 A, red-violet), E||c = beta (10.0 A, blue)
# composition: V2O3 = 0.35, FeO = 0.027 in the file header (unit and method not stated, probably wt% oxide, unverified); treated as no composition, shape only
# units: lambda_nm; A = decadic absorbance, Caltech file values resampled to a 5 nm grid (derived digest, selfcheck/caltech_grid5nm.json); T = 10^-A; Napierian alpha = 2.303 A / path_cm; reflection loss and baseline offset NOT removed
# path_cm: 0.3 (normalised to 3.00 mm in the header; original thickness not given)
# source: Caltech Mineral Spectroscopy Server (G. R. Rossman), http://minerals.gps.caltech.edu/FILES/Visible/zoisite/zo1265.a, .b, .c; delivered in docs/chromophores/primary-2026-10/selfcheck/caltech_grid5nm.json; research-2026-10-primary-data.md; wavelengths sorted ascending, values unchanged
# note: shape only. Data start at 400.9 nm, so the rows below 405 nm are empty and omitted (380-400 nm missing); the unheated stone: the gamma ray has the ~440 nm band that heating bleaches. Computed D65 L*a*b* gamma 84.5/-11.7/13.2, alpha 76.7/11.7/-9.0, beta 79.4/-1.6/-4.9 (first point held to 380 nm)
lambda_nm,A_a_gamma,A_b_alpha,A_c_beta
405,1.02739,0.24379,0.37617
410,0.66008,0.22162,0.31732
415,0.47577,0.20669,0.27905
420,0.38951,0.20249,0.25773
425,0.3365,0.19473,0.24189
430,0.32423,0.19516,0.23316
435,0.3278,0.1991,0.2282
440,0.33829,0.20639,0.22476
445,0.33883,0.2115,0.21951
450,0.335,0.21806,0.21425
455,0.32117,0.22162,0.20901
460,0.30089,0.22469,0.20447
465,0.27347,0.22583,0.19971
470,0.24388,0.22706,0.19627
475,0.21801,0.22962,0.19482
480,0.19293,0.23297,0.19453
485,0.17479,0.23902,0.19633
490,0.16269,0.24892,0.20111
495,0.15532,0.25706,0.20705
500,0.1519,0.26643,0.21393
505,0.15091,0.27602,0.22201
510,0.15245,0.28674,0.22974
515,0.15535,0.29739,0.23728
520,0.15825,0.30784,0.24354
525,0.1606,0.31608,0.2484
530,0.1621,0.32139,0.2503
535,0.16477,0.32487,0.2511
540,0.16685,0.32699,0.25083
545,0.16942,0.32734,0.24998
550,0.17244,0.32642,0.2497
555,0.17545,0.32393,0.25042
560,0.1805,0.32214,0.25278
565,0.18656,0.32143,0.25699
570,0.19298,0.32159,0.26285
575,0.20083,0.32097,0.2702
580,0.20896,0.31947,0.27809
585,0.21657,0.31622,0.28685
590,0.22252,0.3096,0.29093
595,0.22866,0.3009,0.29547
600,0.23233,0.28983,0.29812
605,0.23486,0.27498,0.29928
610,0.23378,0.25755,0.2969
615,0.22958,0.23967,0.29065
620,0.22348,0.22039,0.28311
625,0.21617,0.2006,0.27345
630,0.20776,0.18267,0.26296
635,0.19811,0.16469,0.25143
640,0.18937,0.14792,0.24077
645,0.17965,0.13379,0.23078
650,0.17139,0.12227,0.22119
655,0.16536,0.11054,0.21494
660,0.16181,0.10139,0.21157
665,0.15836,0.09387,0.20749
670,0.15495,0.08766,0.20465
675,0.15101,0.08204,0.20204
680,0.14459,0.07649,0.20044
685,0.14672,0.07208,0.20778
690,0.1509,0.06831,0.21401
695,0.15551,0.06557,0.22162
700,0.15858,0.06316,0.22654
705,0.16401,0.06237,0.23326
710,0.1674,0.06072,0.24029
715,0.1694,0.0588,0.2475
720,0.17228,0.05785,0.25463
725,0.17432,0.05719,0.26122
730,0.17592,0.05655,0.26626
735,0.17845,0.05515,0.27266
740,0.17634,0.05375,0.27757
745,0.17614,0.05181,0.28138
750,0.17643,0.05308,0.28512
755,0.17432,0.05055,0.28632
760,0.17086,0.05043,0.2868
765,0.16832,0.05,0.28597
770,0.16174,0.04777,0.28352
775,0.15761,0.04758,0.27996
780,0.15255,0.04655,0.27509
