# sample: GIA sample 1110, synthetic Czochralski ruby (St Gobain, boule SS75), Cr3+ chromophore wafer, plane parallel to c, SIMS-analysed
# host: corundum (Al2O3), uniaxial; E_perp_c = o-ray, E_par_c = e-ray
# composition: Cr 134 ppma +- 7.6 % of all atoms (SIMS) = 1.58e19 cm^-3 = 0.050 wt% Cr2O3 = 3.35e-4 Cr/(Al+Cr); high-purity, no numeric Fe or Ti value; the link between this wafer and the quoted Cr value is ~90 % likely
# units: lambda_nm; absorption cross section sigma in cm^2 per Cr3+ ion, Napierian, reflection-corrected (alpha = sigma N, T = exp(-sigma N L)); 1 nm grid, 1.5 nm resolution, 200-800 nm of the 200-1100 nm sheet; a flat floor of ~1.5e-21 cm^2 at 640-800 nm is instrument baseline
# path_cm: not applicable (sigma is thickness independent; the wafer thickness is not stated)
# source: Dubinsky, Stone-Sundberg & Emmett 2020, Gems & Gemology 56(1) 2-28, absorption cross-section data sheet sp20-corundum-chromophores-absorption-cross-section-data.xlsx (column Cr3+ sigma, E perp c / E par c), via docs/chromophores/primary-2026-10/data/ruby/GIA_Dubinsky2020_sample1110_Cr3+_cross_section_200-800nm.csv; wavelengths sorted ascending, values unchanged; research-2026-10-primary-data.md section 2.1
# note: no measured color exists; the appendix2_lab lines are GIA Appendix 2 CALCULATED L*a*b* (illuminant A 2856 K and D65, 2 degree observer, Lab vs the illuminant white) at the areal density in ppma*cm (1 ppma of all atoms = 1.178e17 cm^-3); 'both' is the unpolarised mix (2 E_perp_c + E_par_c) / 3; the spectrum multiplier column of Appendix 2 is internally inconsistent and unused
# note: the 450-500 nm window is real: sigma_perp 1.3e-20 cm^2 at the 472 nm minimum, 1.6e-19 at the 560 nm U band (GIA letters: 560 nm = U, 410 nm = Y; Y/U = 0.98 E_perp_c, 0.18 E_par_c)
# appendix2_lab: E_perp_c | A | 100 | 72.69 | 42.42 | -22.05
# appendix2_lab: E_perp_c | D65 | 100 | 70.46 | 37.74 | -23.77
# appendix2_lab: E_par_c | A | 100 | 89.61 | 18.98 | 6.72
# appendix2_lab: E_par_c | D65 | 100 | 87.94 | 12.45 | 7.64
# appendix2_lab: both | A | 100 | 80.0 | 32.04 | -9.48
# appendix2_lab: both | D65 | 100 | 78.05 | 25.96 | -9.92
# appendix2_lab: E_perp_c | A | 200 | 59.87 | 61.51 | -27.72
# appendix2_lab: E_perp_c | D65 | 200 | 55.91 | 57.02 | -31.67
# appendix2_lab: E_par_c | A | 200 | 81.64 | 34.32 | 8.32
# appendix2_lab: E_par_c | D65 | 200 | 78.53 | 26.39 | 8.02
# appendix2_lab: both | A | 200 | 67.93 | 51.69 | -14.22
# appendix2_lab: both | D65 | 200 | 64.34 | 44.64 | -16.54
# appendix2_lab: E_perp_c | A | 375 | 49.2 | 71.72 | -23.68
# appendix2_lab: E_perp_c | D65 | 375 | 43.29 | 68.84 | -30.64
# appendix2_lab: E_par_c | A | 375 | 70.84 | 54.55 | 10.57
# appendix2_lab: E_par_c | D65 | 375 | 65.45 | 47.68 | 7.06
# appendix2_lab: both | A | 375 | 55.78 | 68.31 | -13.22
# appendix2_lab: both | D65 | 375 | 50.0 | 62.74 | -18.87
# appendix2_lab: E_perp_c | A | 750 | 40.8 | 72.12 | -8.57
# appendix2_lab: E_perp_c | D65 | 750 | 33.33 | 69.94 | -18.47
# appendix2_lab: E_par_c | A | 750 | 60.0 | 70.84 | 19.47
# appendix2_lab: E_par_c | D65 | 750 | 52.09 | 67.15 | 11.41
# appendix2_lab: both | A | 750 | 46.36 | 73.79 | -0.51
# appendix2_lab: both | D65 | 750 | 38.67 | 70.1 | -9.7
# appendix2_lab: E_perp_c | A | 1500 | 33.13 | 67.29 | 14.87
# appendix2_lab: E_perp_c | D65 | 1500 | 24.72 | 64.82 | 2.59
# appendix2_lab: E_par_c | A | 1500 | 51.26 | 76.61 | 38.73
# appendix2_lab: E_par_c | D65 | 1500 | 41.72 | 75.1 | 26.76
# appendix2_lab: both | A | 1500 | 38.5 | 71.64 | 21.91
# appendix2_lab: both | D65 | 1500 | 29.65 | 68.84 | 9.75
# appendix2_lab: E_perp_c | A | 3000 | 25.46 | 59.24 | 37.27
# appendix2_lab: E_perp_c | D65 | 3000 | 17.25 | 56.37 | 23.78
# appendix2_lab: E_par_c | A | 3000 | 43.65 | 75.38 | 62.07
# appendix2_lab: E_par_c | D65 | 3000 | 33.68 | 74.32 | 47.31
# appendix2_lab: both | A | 3000 | 31.01 | 65.41 | 45.21
# appendix2_lab: both | D65 | 3000 | 22.1 | 62.79 | 31.0
lambda_nm,sigma_E_perp_c_cm2,sigma_E_par_c_cm2
200,7.350E-19,7.202E-19
201,7.432E-19,7.309E-19
202,7.386E-19,7.285E-19
203,6.864E-19,6.717E-19
204,5.738E-19,5.547E-19
205,4.474E-19,4.297E-19
206,3.386E-19,3.236E-19
207,2.525E-19,2.402E-19
208,1.865E-19,1.767E-19
209,1.376E-19,1.297E-19
210,1.023E-19,9.567E-20
211,7.699E-20,7.173E-20
212,5.928E-20,5.509E-20
213,4.751E-20,4.386E-20
214,3.951E-20,3.613E-20
215,3.420E-20,3.136E-20
216,3.077E-20,2.793E-20
217,2.868E-20,2.583E-20
218,2.739E-20,2.455E-20
219,2.637E-20,2.353E-20
220,2.589E-20,2.277E-20
221,2.540E-20,2.229E-20
222,2.518E-20,2.180E-20
223,2.496E-20,2.131E-20
224,2.474E-20,2.082E-20
225,2.452E-20,2.033E-20
226,2.456E-20,1.984E-20
227,2.434E-20,1.934E-20
228,2.412E-20,1.912E-20
229,2.416E-20,1.889E-20
230,2.393E-20,1.867E-20
231,2.371E-20,1.871E-20
232,2.348E-20,1.901E-20
233,2.325E-20,1.959E-20
234,2.302E-20,2.016E-20
235,2.280E-20,2.101E-20
236,2.283E-20,2.185E-20
237,2.287E-20,2.242E-20
238,2.318E-20,2.326E-20
239,2.375E-20,2.410E-20
240,2.432E-20,2.494E-20
241,2.516E-20,2.578E-20
242,2.600E-20,2.715E-20
243,2.711E-20,2.853E-20
244,2.848E-20,2.990E-20
245,2.985E-20,3.128E-20
246,3.123E-20,3.292E-20
247,3.287E-20,3.429E-20
248,3.451E-20,3.594E-20
249,3.589E-20,3.758E-20
250,3.753E-20,3.868E-20
251,3.891E-20,3.979E-20
252,4.001E-20,4.063E-20
253,4.085E-20,4.119E-20
254,4.168E-20,4.149E-20
255,4.198E-20,4.125E-20
256,4.201E-20,4.074E-20
257,4.177E-20,3.969E-20
258,4.126E-20,3.864E-20
259,4.021E-20,3.706E-20
260,3.889E-20,3.547E-20
261,3.731E-20,3.361E-20
262,3.545E-20,3.149E-20
263,3.360E-20,2.910E-20
264,3.120E-20,2.698E-20
265,2.881E-20,2.458E-20
266,2.642E-20,2.246E-20
267,2.403E-20,2.034E-20
268,2.191E-20,1.822E-20
269,1.952E-20,1.636E-20
270,1.767E-20,1.478E-20
271,1.581E-20,1.319E-20
272,1.396E-20,1.188E-20
273,1.265E-20,1.056E-20
274,1.133E-20,9.510E-21
275,1.028E-20,8.727E-21
276,9.230E-21,7.945E-21
277,8.448E-21,7.162E-21
278,7.933E-21,6.647E-21
279,7.418E-21,6.132E-21
280,6.903E-21,5.616E-21
281,6.387E-21,5.367E-21
282,6.139E-21,4.851E-21
283,5.891E-21,4.602E-21
284,5.642E-21,4.353E-21
285,5.660E-21,4.371E-21
286,5.411E-21,4.121E-21
287,5.162E-21,3.871E-21
288,5.180E-21,3.889E-21
289,4.930E-21,3.638E-21
290,4.947E-21,3.655E-21
291,4.964E-21,3.672E-21
292,4.714E-21,3.421E-21
293,4.730E-21,3.437E-21
294,4.747E-21,3.453E-21
295,4.763E-21,3.469E-21
296,4.512E-21,3.218E-21
297,4.528E-21,3.233E-21
298,4.543E-21,3.248E-21
299,4.559E-21,3.264E-21
300,4.307E-21,3.011E-21
301,4.322E-21,3.026E-21
302,4.337E-21,3.041E-21
303,4.352E-21,3.055E-21
304,4.099E-21,2.802E-21
305,4.113E-21,2.816E-21
306,4.128E-21,2.830E-21
307,4.142E-21,2.844E-21
308,3.889E-21,2.857E-21
309,3.902E-21,2.871E-21
310,3.916E-21,2.617E-21
311,3.930E-21,2.630E-21
312,3.943E-21,2.643E-21
313,3.956E-21,2.656E-21
314,3.702E-21,2.669E-21
315,3.715E-21,2.681E-21
316,3.728E-21,2.694E-21
317,3.740E-21,2.706E-21
318,3.753E-21,2.719E-21
319,3.765E-21,2.463E-21
320,3.777E-21,2.475E-21
321,3.522E-21,2.487E-21
322,3.534E-21,2.499E-21
323,3.546E-21,2.510E-21
324,3.558E-21,2.522E-21
325,3.569E-21,2.533E-21
326,3.581E-21,2.544E-21
327,3.592E-21,2.823E-21
328,3.604E-21,2.834E-21
329,3.615E-21,2.845E-21
330,3.893E-21,2.856E-21
331,3.904E-21,3.134E-21
332,3.915E-21,3.145E-21
333,3.926E-21,3.423E-21
334,4.204E-21,3.433E-21
335,4.215E-21,3.711E-21
336,4.225E-21,3.989E-21
337,4.503E-21,4.266E-21
338,4.781E-21,4.544E-21
339,4.791E-21,4.822E-21
340,5.068E-21,5.099E-21
341,5.346E-21,5.376E-21
342,5.623E-21,5.922E-21
343,5.901E-21,6.467E-21
344,6.178E-21,7.279E-21
345,6.723E-21,7.824E-21
346,7.000E-21,8.905E-21
347,7.545E-21,9.718E-21
348,8.090E-21,1.080E-20
349,8.902E-21,1.188E-20
350,9.447E-21,1.323E-20
351,1.026E-20,1.485E-20
352,1.107E-20,1.647E-20
353,1.215E-20,1.835E-20
354,1.297E-20,2.024E-20
355,1.405E-20,2.240E-20
356,1.540E-20,2.482E-20
357,1.648E-20,2.725E-20
358,1.810E-20,3.048E-20
359,1.971E-20,3.399E-20
360,2.133E-20,3.749E-20
361,2.295E-20,4.100E-20
362,2.484E-20,4.505E-20
363,2.673E-20,4.910E-20
364,2.889E-20,5.395E-20
365,3.105E-20,5.908E-20
366,3.347E-20,6.449E-20
367,3.590E-20,7.016E-20
368,3.833E-20,7.638E-20
369,4.103E-20,8.286E-20
370,4.373E-20,8.989E-20
371,4.670E-20,9.720E-20
372,4.967E-20,1.048E-19
373,5.291E-20,1.126E-19
374,5.588E-20,1.207E-19
375,5.913E-20,1.294E-19
376,6.264E-20,1.381E-19
377,6.615E-20,1.473E-19
378,6.967E-20,1.570E-19
379,7.372E-20,1.673E-19
380,7.724E-20,1.765E-19
381,8.075E-20,1.857E-19
382,8.454E-20,1.958E-19
383,8.833E-20,2.058E-19
384,9.239E-20,2.158E-19
385,9.618E-20,2.256E-19
386,1.002E-19,2.353E-19
387,1.043E-19,2.445E-19
388,1.084E-19,2.532E-19
389,1.122E-19,2.614E-19
390,1.162E-19,2.689E-19
391,1.200E-19,2.757E-19
392,1.238E-19,2.817E-19
393,1.276E-19,2.868E-19
394,1.311E-19,2.912E-19
395,1.346E-19,2.944E-19
396,1.379E-19,2.969E-19
397,1.411E-19,2.982E-19
398,1.444E-19,2.985E-19
399,1.474E-19,2.980E-19
400,1.501E-19,2.964E-19
401,1.528E-19,2.939E-19
402,1.553E-19,2.904E-19
403,1.577E-19,2.861E-19
404,1.596E-19,2.809E-19
405,1.612E-19,2.753E-19
406,1.629E-19,2.693E-19
407,1.639E-19,2.628E-19
408,1.648E-19,2.563E-19
409,1.653E-19,2.498E-19
410,1.653E-19,2.431E-19
411,1.653E-19,2.366E-19
412,1.651E-19,2.298E-19
413,1.643E-19,2.236E-19
414,1.632E-19,2.171E-19
415,1.618E-19,2.109E-19
416,1.602E-19,2.046E-19
417,1.583E-19,1.987E-19
418,1.562E-19,1.927E-19
419,1.537E-19,1.868E-19
420,1.508E-19,1.808E-19
421,1.478E-19,1.752E-19
422,1.443E-19,1.695E-19
423,1.408E-19,1.638E-19
424,1.367E-19,1.584E-19
425,1.329E-19,1.530E-19
426,1.286E-19,1.476E-19
427,1.246E-19,1.422E-19
428,1.202E-19,1.368E-19
429,1.156E-19,1.316E-19
430,1.113E-19,1.262E-19
431,1.067E-19,1.208E-19
432,1.021E-19,1.157E-19
433,9.754E-20,1.103E-19
434,9.296E-20,1.051E-19
435,8.810E-20,9.975E-20
436,8.351E-20,9.462E-20
437,7.892E-20,8.949E-20
438,7.407E-20,8.436E-20
439,6.976E-20,7.950E-20
440,6.517E-20,7.465E-20
441,6.086E-20,7.006E-20
442,5.682E-20,6.575E-20
443,5.278E-20,6.144E-20
444,4.902E-20,5.740E-20
445,4.525E-20,5.336E-20
446,4.202E-20,4.959E-20
447,3.880E-20,4.609E-20
448,3.584E-20,4.286E-20
449,3.315E-20,3.990E-20
450,3.074E-20,3.695E-20
451,2.832E-20,3.426E-20
452,2.644E-20,3.184E-20
453,2.457E-20,2.943E-20
454,2.296E-20,2.755E-20
455,2.162E-20,2.567E-20
456,2.028E-20,2.379E-20
457,1.894E-20,2.245E-20
458,1.787E-20,2.111E-20
459,1.707E-20,1.978E-20
460,1.627E-20,1.897E-20
461,1.547E-20,1.790E-20
462,1.494E-20,1.710E-20
463,1.440E-20,1.603E-20
464,1.387E-20,1.496E-20
465,1.334E-20,1.443E-20
466,1.334E-20,1.416E-20
467,1.361E-20,1.470E-20
468,1.389E-20,1.498E-20
469,1.335E-20,1.364E-20
470,1.255E-20,1.203E-20
471,1.202E-20,1.069E-20
472,1.202E-20,9.893E-21
473,1.283E-20,9.896E-21
474,1.391E-20,1.044E-20
475,1.472E-20,1.178E-20
476,1.445E-20,1.259E-20
477,1.392E-20,1.206E-20
478,1.339E-20,1.072E-20
479,1.366E-20,9.916E-21
480,1.393E-20,9.920E-21
481,1.474E-20,9.923E-21
482,1.528E-20,9.926E-21
483,1.582E-20,1.020E-20
484,1.636E-20,1.047E-20
485,1.717E-20,1.074E-20
486,1.824E-20,1.101E-20
487,1.905E-20,1.155E-20
488,2.013E-20,1.182E-20
489,2.121E-20,1.236E-20
490,2.228E-20,1.290E-20
491,2.336E-20,1.344E-20
492,2.471E-20,1.398E-20
493,2.579E-20,1.479E-20
494,2.713E-20,1.533E-20
495,2.848E-20,1.587E-20
496,3.010E-20,1.668E-20
497,3.145E-20,1.722E-20
498,3.306E-20,1.803E-20
499,3.468E-20,1.884E-20
500,3.630E-20,1.964E-20
501,3.792E-20,2.045E-20
502,3.980E-20,2.126E-20
503,4.169E-20,2.207E-20
504,4.358E-20,2.315E-20
505,4.574E-20,2.396E-20
506,4.763E-20,2.477E-20
507,4.978E-20,2.585E-20
508,5.194E-20,2.692E-20
509,5.437E-20,2.800E-20
510,5.653E-20,2.881E-20
511,5.896E-20,2.989E-20
512,6.139E-20,3.097E-20
513,6.382E-20,3.205E-20
514,6.625E-20,3.286E-20
515,6.868E-20,3.394E-20
516,7.139E-20,3.502E-20
517,7.382E-20,3.610E-20
518,7.652E-20,3.691E-20
519,7.922E-20,3.799E-20
520,8.166E-20,3.907E-20
521,8.463E-20,4.015E-20
522,8.734E-20,4.096E-20
523,9.031E-20,4.204E-20
524,9.301E-20,4.312E-20
525,9.599E-20,4.420E-20
526,9.870E-20,4.501E-20
527,1.017E-19,4.582E-20
528,1.046E-19,4.690E-20
529,1.076E-19,4.771E-20
530,1.103E-19,4.852E-20
531,1.133E-19,4.933E-20
532,1.160E-19,5.014E-20
533,1.187E-19,5.068E-20
534,1.217E-19,5.150E-20
535,1.241E-19,5.204E-20
536,1.268E-19,5.258E-20
537,1.293E-19,5.312E-20
538,1.320E-19,5.366E-20
539,1.344E-19,5.393E-20
540,1.369E-19,5.421E-20
541,1.393E-19,5.448E-20
542,1.415E-19,5.475E-20
543,1.436E-19,5.502E-20
544,1.458E-19,5.502E-20
545,1.477E-19,5.503E-20
546,1.499E-19,5.503E-20
547,1.515E-19,5.503E-20
548,1.531E-19,5.503E-20
549,1.547E-19,5.477E-20
550,1.561E-19,5.450E-20
551,1.575E-19,5.423E-20
552,1.588E-19,5.370E-20
553,1.596E-19,5.316E-20
554,1.604E-19,5.262E-20
555,1.610E-19,5.208E-20
556,1.615E-19,5.155E-20
557,1.621E-19,5.074E-20
558,1.623E-19,5.020E-20
559,1.623E-19,4.940E-20
560,1.621E-19,4.859E-20
561,1.618E-19,4.752E-20
562,1.610E-19,4.671E-20
563,1.605E-19,4.563E-20
564,1.597E-19,4.483E-20
565,1.586E-19,4.348E-20
566,1.572E-19,4.241E-20
567,1.556E-19,4.133E-20
568,1.540E-19,4.026E-20
569,1.521E-19,3.918E-20
570,1.499E-19,3.784E-20
571,1.478E-19,3.676E-20
572,1.456E-19,3.542E-20
573,1.432E-19,3.434E-20
574,1.405E-19,3.327E-20
575,1.378E-19,3.193E-20
576,1.348E-19,3.085E-20
577,1.318E-19,2.978E-20
578,1.286E-19,2.843E-20
579,1.253E-19,2.736E-20
580,1.221E-19,2.602E-20
581,1.183E-19,2.495E-20
582,1.145E-19,2.387E-20
583,1.110E-19,2.280E-20
584,1.069E-19,2.146E-20
585,1.032E-19,2.038E-20
586,9.911E-20,1.931E-20
587,9.505E-20,1.824E-20
588,9.100E-20,1.717E-20
589,8.695E-20,1.636E-20
590,8.290E-20,1.556E-20
591,7.912E-20,1.475E-20
592,7.508E-20,1.368E-20
593,7.130E-20,1.288E-20
594,6.752E-20,1.208E-20
595,6.375E-20,1.154E-20
596,5.997E-20,1.074E-20
597,5.674E-20,1.020E-20
598,5.323E-20,9.668E-21
599,5.000E-20,9.134E-21
600,4.677E-20,8.599E-21
601,4.408E-20,8.064E-21
602,4.139E-20,7.798E-21
603,3.869E-20,7.263E-21
604,3.627E-20,6.729E-21
605,3.385E-20,6.462E-21
606,3.143E-20,6.196E-21
607,2.928E-20,5.661E-21
608,2.713E-20,5.395E-21
609,2.525E-20,5.129E-21
610,2.364E-20,4.594E-21
611,2.176E-20,4.328E-21
612,2.015E-20,4.330E-21
613,1.881E-20,4.063E-21
614,1.747E-20,3.797E-21
615,1.613E-20,3.531E-21
616,1.506E-20,3.532E-21
617,1.399E-20,3.266E-21
618,1.318E-20,2.999E-21
619,1.211E-20,3.001E-21
620,1.131E-20,2.735E-21
621,1.051E-20,2.736E-21
622,9.702E-21,2.470E-21
623,9.167E-21,2.472E-21
624,8.364E-21,2.473E-21
625,8.098E-21,2.207E-21
626,7.563E-21,2.208E-21
627,7.029E-21,1.942E-21
628,6.494E-21,1.944E-21
629,6.228E-21,1.945E-21
630,5.693E-21,1.947E-21
631,5.427E-21,1.948E-21
632,5.161E-21,1.950E-21
633,4.894E-21,1.683E-21
634,4.628E-21,1.685E-21
635,4.361E-21,1.686E-21
636,4.363E-21,1.688E-21
637,4.096E-21,1.689E-21
638,3.830E-21,1.691E-21
639,3.564E-21,1.692E-21
640,3.565E-21,1.694E-21
641,3.567E-21,1.695E-21
642,3.300E-21,1.697E-21
643,3.302E-21,1.698E-21
644,3.303E-21,1.700E-21
645,3.037E-21,1.701E-21
646,3.038E-21,1.702E-21
647,2.772E-21,1.704E-21
648,2.773E-21,1.705E-21
649,2.507E-21,1.707E-21
650,2.508E-21,1.440E-21
651,2.510E-21,1.442E-21
652,2.511E-21,1.443E-21
653,2.513E-21,1.444E-21
654,2.514E-21,1.446E-21
655,2.515E-21,1.447E-21
656,2.785E-21,1.716E-21
657,3.054E-21,1.718E-21
658,3.591E-21,1.987E-21
659,3.593E-21,2.256E-21
660,3.326E-21,2.258E-21
661,3.060E-21,1.723E-21
662,2.793E-21,1.725E-21
663,2.795E-21,1.458E-21
664,3.064E-21,1.459E-21
665,3.065E-21,1.729E-21
666,3.334E-21,1.730E-21
667,3.604E-21,1.731E-21
668,3.605E-21,1.733E-21
669,3.606E-21,1.734E-21
670,3.340E-21,1.467E-21
671,3.073E-21,1.469E-21
672,2.807E-21,1.470E-21
673,2.540E-21,1.471E-21
674,2.541E-21,1.473E-21
675,2.543E-21,1.742E-21
676,2.276E-21,1.743E-21
677,2.010E-21,1.476E-21
678,2.011E-21,1.478E-21
679,2.012E-21,1.479E-21
680,2.014E-21,1.480E-21
681,2.015E-21,1.482E-21
682,2.016E-21,1.215E-21
683,2.017E-21,1.216E-21
684,1.751E-21,1.217E-21
685,1.752E-21,1.487E-21
686,1.753E-21,1.488E-21
687,1.755E-21,1.489E-21
688,1.756E-21,1.222E-21
689,1.757E-21,1.224E-21
690,2.026E-21,1.225E-21
691,3.367E-21,1.494E-21
692,6.316E-21,2.031E-21
693,8.730E-21,2.032E-21
694,8.463E-21,1.765E-21
695,5.516E-21,1.499E-21
696,2.837E-21,1.500E-21
697,2.035E-21,1.501E-21
698,1.768E-21,1.502E-21
699,1.770E-21,1.236E-21
700,1.771E-21,1.237E-21
701,1.772E-21,1.238E-21
702,1.773E-21,1.239E-21
703,1.774E-21,1.240E-21
704,1.776E-21,1.242E-21
705,1.777E-21,1.243E-21
706,1.778E-21,1.244E-21
707,1.779E-21,1.245E-21
708,1.780E-21,1.246E-21
709,1.781E-21,1.247E-21
710,1.783E-21,1.248E-21
711,1.784E-21,1.250E-21
712,1.785E-21,1.251E-21
713,1.786E-21,1.252E-21
714,1.787E-21,1.253E-21
715,1.788E-21,1.254E-21
716,1.790E-21,1.255E-21
717,1.791E-21,1.256E-21
718,1.792E-21,1.257E-21
719,1.525E-21,1.259E-21
720,1.526E-21,1.260E-21
721,1.527E-21,1.261E-21
722,1.529E-21,1.262E-21
723,1.797E-21,1.263E-21
724,1.799E-21,1.264E-21
725,1.800E-21,1.265E-21
726,1.801E-21,1.266E-21
727,1.802E-21,1.267E-21
728,1.803E-21,1.268E-21
729,1.536E-21,1.270E-21
730,1.537E-21,1.271E-21
731,1.538E-21,1.272E-21
732,1.540E-21,1.273E-21
733,1.541E-21,1.274E-21
734,1.542E-21,1.275E-21
735,1.811E-21,1.276E-21
736,1.812E-21,1.277E-21
737,1.813E-21,1.278E-21
738,1.814E-21,1.279E-21
739,1.547E-21,1.280E-21
740,1.548E-21,1.281E-21
741,1.549E-21,1.282E-21
742,1.550E-21,1.283E-21
743,1.551E-21,1.016E-21
744,1.285E-21,1.017E-21
745,1.286E-21,1.018E-21
746,1.555E-21,1.019E-21
747,1.556E-21,1.021E-21
748,1.557E-21,1.022E-21
749,1.558E-21,1.023E-21
750,1.559E-21,1.024E-21
751,1.560E-21,1.025E-21
752,1.561E-21,1.293E-21
753,1.562E-21,1.295E-21
754,1.563E-21,1.296E-21
755,1.564E-21,1.297E-21
756,1.565E-21,1.298E-21
757,1.566E-21,1.299E-21
758,1.567E-21,1.299E-21
759,1.568E-21,1.300E-21
760,1.569E-21,1.301E-21
761,1.570E-21,1.035E-21
762,1.571E-21,1.036E-21
763,1.572E-21,1.037E-21
764,1.573E-21,1.305E-21
765,1.574E-21,1.306E-21
766,1.575E-21,1.307E-21
767,1.576E-21,1.308E-21
768,1.577E-21,1.309E-21
769,1.578E-21,1.310E-21
770,1.579E-21,1.311E-21
771,1.580E-21,1.312E-21
772,1.581E-21,1.313E-21
773,1.582E-21,1.046E-21
774,1.583E-21,1.047E-21
775,1.584E-21,1.048E-21
776,1.585E-21,1.049E-21
777,1.586E-21,1.050E-21
778,1.587E-21,1.319E-21
779,1.588E-21,1.320E-21
780,1.589E-21,1.321E-21
781,1.589E-21,1.322E-21
782,1.590E-21,1.323E-21
783,1.591E-21,1.323E-21
784,1.592E-21,1.324E-21
785,1.593E-21,1.325E-21
786,1.594E-21,1.058E-21
787,1.595E-21,1.059E-21
788,1.596E-21,1.060E-21
789,1.597E-21,1.061E-21
790,1.598E-21,1.062E-21
791,1.599E-21,1.063E-21
792,1.600E-21,1.064E-21
793,1.601E-21,1.333E-21
794,1.602E-21,1.334E-21
795,1.603E-21,1.334E-21
796,1.603E-21,1.335E-21
797,1.604E-21,1.336E-21
798,1.605E-21,1.337E-21
799,1.606E-21,1.070E-21
800,1.607E-21,1.071E-21
