# sample: GIA V3+-doped synthetic corundum (116 ppma V3+ by SIMS, 6.26 mm, c axis in plane, annealed 1750 C in O2 for 10 h) for the V3+ columns; Fe2+-Ti4+ column: average of 14 Yogo Gulch wafers with the band shape from Fe-Ti synthetics
# host: corundum (Al2O3), uniaxial; perp = E_perp_c = o-ray, par = E_par_c = e-ray
# composition: V3+ 116 ppma of all atoms (SIMS, text of the paper); Fe2+-Ti4+ sigma is per pair, peak 1.94e-18 cm^2 +-25 % at 580 nm (text), 1.98e-18 (xlsx)
# units: lambda_nm; sigma in cm^2 per V3+ ion (V3+ columns) or per Fe2+-Ti4+ pair (FeTi columns), Napierian, reflection-corrected; 5 nm rows of the 1 nm xlsx data rounded to 4 significant figures (derived digest, selfcheck/gia2020_V_FeTi_5nm_4sig.csv)
# path_cm: not applicable (sigma is thickness independent)
# source: Dubinsky et al. 2020, Gems & Gemology 56(1) 2-28, absorption cross-section data sheet (xlsx; the full 1 nm sheet could not be downloaded from the build environment, only this 5 nm digest of the zip is used); research-2026-10-primary-data.md sections 6 and 7
# note: the V3+ sigma of the xlsx and of the paper text disagree: xlsx sigma_perp(580 nm) = 3.4e-20 cm^2 (maximum 9.8e-20 at 400 nm; E_par_c 4.6e-19 at 405 nm), the text says 1.0e-19 at 580 nm; the xlsx is used
# note: V3+ color change D65 vs A computed from this sigma (repo color code, Lab vs each illuminant white): dE00 8-25, peak in E_par_c at a few hundred ppma*cm; no measured color exists
lambda_nm,sigma_V3_E_perp_c_cm2,sigma_V3_E_par_c_cm2,sigma_FeTi_E_perp_c_cm2,sigma_FeTi_E_par_c_cm2
380,7.851e-20,2.601e-19,2.585e-19,2.605e-19
385,8.767e-20,3.223e-19,2.712e-19,2.833e-19
390,9.415e-20,3.827e-19,2.832e-19,3.049e-19
395,9.713e-20,4.287e-19,2.932e-19,3.267e-19
400,9.770e-20,4.541e-19,3.039e-19,3.469e-19
405,9.558e-20,4.557e-19,3.137e-19,3.648e-19
410,9.051e-20,4.339e-19,3.240e-19,3.819e-19
415,8.329e-20,3.938e-19,3.339e-19,3.969e-19
420,7.339e-20,3.416e-19,3.454e-19,4.108e-19
425,6.161e-20,2.824e-19,3.577e-19,4.235e-19
430,4.878e-20,2.222e-19,3.717e-19,4.367e-19
435,3.676e-20,1.668e-19,3.884e-19,4.496e-19
440,2.609e-20,1.184e-19,4.067e-19,4.621e-19
445,1.757e-20,7.864e-20,4.289e-19,4.762e-19
450,1.119e-20,4.889e-20,4.538e-19,4.904e-19
455,6.944e-21,2.911e-20,4.828e-19,5.057e-19
460,4.301e-21,1.684e-20,5.159e-19,5.214e-19
465,2.988e-21,9.926e-21,5.541e-19,5.363e-19
470,2.208e-21,6.213e-21,5.987e-19,5.510e-19
475,2.758e-21,6.230e-21,6.474e-19,5.634e-19
480,1.976e-21,3.583e-21,7.000e-19,5.735e-19
485,2.259e-21,3.599e-21,7.599e-19,5.819e-19
490,2.541e-21,3.880e-21,8.263e-19,5.876e-19
495,3.355e-21,4.695e-21,8.960e-19,5.919e-19
500,4.168e-21,5.509e-21,9.715e-19,5.951e-19
505,5.248e-21,6.589e-21,1.053e-18,5.985e-19
510,6.861e-21,7.935e-21,1.138e-18,6.031e-19
515,8.207e-21,9.548e-21,1.225e-18,6.096e-19
520,1.009e-20,1.116e-20,1.314e-18,6.186e-19
525,1.223e-20,1.304e-20,1.405e-18,6.302e-19
530,1.464e-20,1.519e-20,1.496e-18,6.445e-19
535,1.706e-20,1.707e-20,1.582e-18,6.607e-19
540,1.974e-20,1.922e-20,1.662e-18,6.787e-19
545,2.269e-20,2.137e-20,1.737e-18,6.975e-19
550,2.537e-20,2.325e-20,1.803e-18,7.170e-19
555,2.806e-20,2.486e-20,1.858e-18,7.362e-19
560,3.021e-20,2.648e-20,1.903e-18,7.556e-19
565,3.209e-20,2.756e-20,1.938e-18,7.753e-19
570,3.344e-20,2.837e-20,1.963e-18,7.945e-19
575,3.398e-20,2.865e-20,1.976e-18,8.135e-19
580,3.399e-20,2.839e-20,1.980e-18,8.323e-19
585,3.293e-20,2.760e-20,1.975e-18,8.515e-19
590,3.134e-20,2.627e-20,1.963e-18,8.711e-19
595,2.894e-20,2.494e-20,1.945e-18,8.910e-19
600,2.628e-20,2.281e-20,1.921e-18,9.120e-19
605,2.361e-20,2.068e-20,1.895e-18,9.339e-19
610,2.015e-20,1.802e-20,1.867e-18,9.561e-19
615,1.696e-20,1.536e-20,1.838e-18,9.787e-19
620,1.403e-20,1.270e-20,1.807e-18,1.001e-18
625,1.137e-20,1.031e-20,1.776e-18,1.024e-18
630,8.977e-21,8.181e-21,1.743e-18,1.047e-18
635,6.853e-21,6.323e-21,1.713e-18,1.069e-18
640,5.262e-21,4.731e-21,1.685e-18,1.090e-18
645,3.937e-21,3.672e-21,1.657e-18,1.111e-18
650,2.879e-21,2.614e-21,1.630e-18,1.132e-18
655,2.354e-21,2.088e-21,1.605e-18,1.151e-18
660,1.562e-21,1.562e-21,1.583e-18,1.169e-18
665,1.302e-21,1.303e-21,1.561e-18,1.186e-18
670,7.767e-22,1.043e-21,1.541e-18,1.202e-18
675,5.171e-22,7.830e-22,1.522e-18,1.215e-18
680,5.236e-22,5.230e-22,1.503e-18,1.228e-18
685,2.638e-22,5.293e-22,1.483e-18,1.238e-18
690,5.362e-22,2.691e-22,1.463e-18,1.245e-18
695,2.761e-22,5.414e-22,1.443e-18,1.251e-18
700,2.822e-22,2.811e-22,1.422e-18,1.254e-18
705,2.881e-22,2.869e-22,1.401e-18,1.255e-18
710,2.940e-22,2.926e-22,1.378e-18,1.255e-18
715,2.997e-22,2.983e-22,1.354e-18,1.251e-18
720,3.054e-22,3.038e-22,1.330e-18,1.246e-18
725,3.110e-22,3.093e-22,1.303e-18,1.238e-18
730,5.028e-23,3.147e-22,1.275e-18,1.228e-18
735,3.219e-22,3.200e-22,1.247e-18,1.217e-18
740,6.102e-23,3.252e-22,1.218e-18,1.203e-18
745,6.627e-23,6.406e-23,1.188e-18,1.188e-18
750,7.145e-23,6.913e-23,1.157e-18,1.170e-18
755,7.656e-23,3.404e-22,1.127e-18,1.153e-18
760,3.478e-22,7.908e-23,1.095e-18,1.132e-18
765,8.656e-23,3.503e-22,1.064e-18,1.111e-18
770,3.577e-22,8.875e-23,1.030e-18,1.088e-18
775,9.629e-23,3.598e-22,9.980e-19,1.065e-18
780,3.673e-22,9.818e-23,9.664e-19,1.041e-18
