# sample: ruby, report-2 SYNTHESISED spectrum (a model output, NOT a measurement)
# host: corundum (Al2O3), uniaxial; E_perp_c = o-ray, E_par_c = e-ray
# composition: 0.25 wt% Cr2O3 (about 1700 ppmw, 7.87e19 ions/cm^3)
# units: lambda_nm; alpha in cm^-1, Napierian (T = exp(-alpha*L), L in cm)
# path_cm: 0.50
# source: research-2026-10-polarized-spectra-2.md section A table "Synthesised alpha_e" (user-delivered, synthesised by the report itself; 300-800 nm; 710-800 nm stated as 0.00 and stored as the two end points)
# note: the 694 nm entry is the sparse R1 point
# lab: mean_uniax | D65 | 0.5 | 42.5 | 65.2 | 22.1
lambda_nm,E_perp_c,E_par_c
300,45.20,25.10
305,40.15,22.05
310,35.50,19.40
315,31.40,17.10
320,27.60,15.00
325,24.30,13.25
330,21.40,11.75
335,18.90,10.45
340,16.70,9.35
345,14.85,8.45
350,13.30,7.75
355,12.10,7.25
360,11.25,6.95
365,10.75,6.80
370,10.65,6.85
375,10.95,7.05
380,11.75,7.35
385,13.15,7.70
390,15.00,7.75
395,17.15,7.45
400,18.90,6.85
405,19.60,5.95
410,18.95,4.95
415,17.20,3.90
420,14.65,2.95
425,11.85,2.10
430,9.05,1.45
435,6.65,0.95
440,4.65,0.60
445,3.15,0.35
450,2.10,0.25
455,1.45,0.15
460,1.10,0.15
465,0.95,0.20
470,1.15,0.35
475,1.85,0.65
480,1.40,0.55
485,1.45,0.65
490,1.70,0.95
495,2.20,1.35
500,2.90,1.95
505,3.90,2.65
510,5.15,3.50
515,6.55,4.40
520,8.10,5.30
525,9.70,6.05
530,11.10,6.55
535,12.15,6.75
540,12.65,6.70
545,12.75,6.60
550,12.80,6.50
555,12.75,6.30
560,12.60,5.95
565,12.25,5.50
570,11.60,4.95
575,10.75,4.35
580,9.75,3.75
585,8.65,3.15
590,7.50,2.55
595,6.40,2.05
600,5.35,1.60
605,4.40,1.25
610,3.55,0.95
615,2.80,0.70
620,2.15,0.50
625,1.65,0.35
630,1.25,0.25
635,0.90,0.15
640,0.65,0.10
645,0.45,0.07
650,0.30,0.05
655,0.20,0.03
660,0.15,0.02
665,0.10,0.01
670,0.07,0.01
675,0.05,0.00
680,0.03,0.00
685,0.02,0.00
690,0.20,0.01
694,1.25,0.03
700,0.01,0.00
705,0.01,0.00
710,0.00,0.00
800,0.00,0.00
