# CIE 15:2018 LED illuminants: relative spectral power distributions, 380-780 nm at 5 nm.
#
# Source: CIE 2018, "Relative spectral power distributions of illuminants representing typical
#   LED lamps, 1nm spacing", International Commission on Illumination (CIE), Vienna, AT.
#   DOI 10.25039/CIE.DS.dhcw57sd; original source CIE 015:2018 tables 12.1/12.2.
#   Page: https://cie.co.at/datatable/relative-spectral-power-distributions-illuminants-representing-typical-led-lamps-1nm
#   File: https://files.cie.co.at/Publications-datasets/CIE_illum_LEDs_1nm.csv
#   (published MD5 of the 1 nm file: 99d1bc3974902d5e02e4c3fe539bea3d)
# Licence: the CIE page states only "Copyright (c) CIE" and gives no separate licence text. The
#   numbers are the CIE's published standard data, reproduced here for colorimetry. Cite as
#   above; check the CIE's terms before redistributing the file outside this project.
# Reduction: every fifth row (wavelength divisible by 5) of the 1 nm file, values copied as
#   published (no rescaling, no smoothing). The 1 nm file has 401 rows, no header.
# Normalisation: the CIE does not normalise the columns to a common value (each is relative);
#   `Illuminant::Led` therefore divides each curve by its own maximum when asked for spectral
#   power, and colorimetry divides by the Y of the white anyway.
# Retrieval note: transcribed through WebFetch (the page text was processed by a language model),
#   not a byte-exact download. `data/cie_illum_leds_5nm.csv` is cross-checked by the tests in
#   `color::led` (chromaticity against the published CCT); compare against the CIE file's MD5
#   rows if exactness matters.
#
# Columns: wavelength_nm, LED-B1, LED-B2, LED-B3, LED-B4, LED-B5, LED-BH1, LED-RGB1, LED-V1, LED-V2
380,0.00274889500126459,0.00102127392292205,0.00191857784345128,0.000664693256821035,0.00282533646661051,0.0031204616744593,0.0010212459469473,0.00725257255802118,0.0130887918150576
385,0.00532482874971801,0.00222906150671095,0.00431571412342861,0.00173206154764156,0.00630947765580295,0.00701926520905659,0.0022290004455529,0.031732971206888,0.0572688174406215
390,0.0103146007600513,0.0048652082873752,0.00970789397903953,0.0045134107528896,0.0140901418056809,0.0157893046889914,0.00486507501368521,0.141944153393487,0.256117401880885
395,0.0199801071701722,0.0106189089930404,0.021837121078549,0.0117610222969338,0.0314654882487175,0.0355165774993994,0.0106186181069979,0.605439812641259,1.14603296597149
400,0.0387026335159912,0.0231769530726571,0.0491203264402411,0.0306465671997003,0.0702663234352167,0.076890555989779,0.0231763181814302,2.62371949301812,4.46560172689197
405,0.0749683612870577,0.05058577161536,0.110488479101751,0.0798563767265973,0.156908255176129,0.173002067133825,0.0505843859085114,8.42766519611867,11.9791984483423
410,0.145212980138786,0.110405523686889,0.248513510620701,0.208072137478274,0.350358505549987,0.410669921141787,0.110402499324792,16.5124489075103,19.8887651993772
415,0.28296378634849,0.241432768930346,0.558376048007607,0.542347584224338,0.780602962325699,0.934325372471015,0.241003332462809,17.895780120008,20.2412768714346
420,0.525864517043248,0.501833243631923,1.20311228031153,1.31052583924296,1.67467341371959,1.84337986432876,0.496569943122822,11.2554930817951,14.3858261533039
425,0.919682259866643,0.963003982312175,2.37260086743392,2.7513125887955,3.29581538595885,3.05449155483646,0.940314153391085,5.94449551593092,8.94869543536793
430,1.53868153156769,1.71035457799029,4.24094629970168,5.04166179814023,5.94030996272737,4.29289277087215,1.60459981228032,3.31112814367215,5.77526754482799
435,2.51960552441735,2.81813788173486,7.17234936786683,8.31186257356277,9.92121900186222,5.69180009508718,2.42903635112534,2.24974210067248,4.65422581557245
440,4.1593516726922,4.70796542764786,12.1114825779109,13.3659080186231,16.1482539200971,7.05923859889728,3.38497045760986,2.06881453327824,4.86091728960044
445,6.39031276699477,7.86943330677208,17.7017584367089,20.6085347159541,25.1543242476225,7.91017025412818,4.58871952647544,2.29256861129219,5.78304354835963
450,7.8915999531271,10.5625414858427,18.8651211474408,25.9073826366888,32.3418639621044,7.74484935741076,5.84167119321973,2.68008846650093,6.97073108909267
455,7.56611713157281,10.2395965865071,14.5806965922853,24.1223397608868,31.1785822297446,6.61771772614974,5.56018597560059,3.14826207385931,8.104846782486
460,6.25084243464626,7.93661367889741,9.90371978202461,17.4665172403252,23.45907265365,5.12595832560898,4.00483441821064,3.63689688652735,9.04760192502587
465,5.15767778186667,6.25204291538624,7.52632222627249,11.9019534320892,16.3912229464071,3.84573611135493,3.14348860626694,4.18263859378562,9.82133477426873
470,4.36807837700453,5.22919376772427,6.01949712258568,8.61866171942854,12.0805220563377,2.93744913125038,2.8012832283606,4.82796597557325,10.5212504949002
475,3.83530740118449,4.35680521568141,5.11286425784154,6.34333663095303,9.08020068109967,2.3350733093311,2.67917762129024,5.5691088992482,11.2073902002372
480,3.70130347082472,4.00312529169871,5.16634556738242,4.89471217744651,7.21160387012713,1.98614961615524,3.0280743012147,6.39751245800373,11.8667875398228
485,3.88116527732625,4.17338814911261,5.82436127257268,4.24916569028412,6.47789088568507,1.92455645214898,3.98250844162461,7.26715467928178,12.4967309417231
490,4.25778881392979,4.59267532276088,6.76693099867399,4.19451955992457,6.4888240778151,2.1859474530771,5.52507528475214,8.08272514576258,12.9795276422614
495,4.78737322521683,5.21158755934886,7.87831746259434,4.69824198586918,7.04982869745623,2.86553152730014,7.83655366937898,8.73450274865874,13.233085972446
500,5.40632445132688,5.95543184570525,8.94308302552165,5.76933373753886,8.09951802854578,4.03426980560479,10.9585518209498,9.20571222787469,13.3016366192831
505,6.05129132645465,6.72028805647399,9.82381256743588,7.27493951176953,9.45048680478589,5.63532929970043,14.6123942645309,9.53560322644005,13.2137433283759
510,6.69610003611224,7.44329589408724,10.5164910780959,8.94140052423497,10.8817852914614,7.48622270009561,18.0087069607001,9.75036828334497,13.0520021620913
515,7.33865035558738,8.10579287359892,11.0609858607638,10.5985627032948,12.2178206939326,9.2507605987667,20.2445245620055,9.90635367806995,12.8776950853736
520,7.98325652205695,8.74182582341198,11.5085273808522,12.1142367644356,13.376290776049,10.8236570958017,20.5653023365692,10.0614957343865,12.7408741729226
525,8.63717066718439,9.38944403823758,11.9322490498658,13.358796968155,14.2947224129082,12.1148457781141,19.220364498646,10.2585616656824,12.6768074294588
530,9.31474949328818,10.0576979015694,12.3703516723299,14.3044241817955,14.983543990966,13.0768061794644,16.9335836672676,10.5102513284769,12.6962181556537
535,10.0191320554392,10.7528932212205,12.8322979702221,15.0213785347696,15.4776240483498,13.6649733274398,14.5823060803339,10.8201459827477,12.7748317797592
540,10.7573635293035,11.4850192761361,13.31384319567,15.5411880176286,15.8109163762876,14.0086659801908,12.6073275800131,11.174233912229,12.9107134517159
545,11.5329513647218,12.250389273576,13.7948914768851,15.9047744180043,16.0058600798298,14.1927058131621,11.0882856879424,11.5528701636297,13.0404699286481
550,12.3759874476271,13.0467973782871,14.2554757578425,16.1517809096697,16.1041023872565,14.2794391753888,9.92846969136325,11.924600117682,13.1625441064783
555,13.276285851067,13.8598034319012,14.6838527387643,16.3326991546479,16.1346666866452,14.2735095952733,9.11354178926257,12.2969655037989,13.2617565996644
560,14.2259957093661,14.6956389037567,15.0778388685142,16.4185414367845,16.0957924619871,14.1879885410817,8.6002157765094,12.6815549044512,13.3514170975501
565,15.1985854359149,15.5041658154506,15.421503302301,16.4369372632238,15.9810052539951,14.0309666661191,8.3122541148347,13.0680842762687,13.4209479805695
570,16.199563681826,16.275741831242,15.7162265686535,16.358884225999,15.7741933362238,13.8218804940514,8.20754952765812,13.5226971191492,13.5183281129159
575,17.1894686189262,17.004918261838,15.966901430671,16.2024032813278,15.4999312725238,13.585483186958,8.24155409245773,14.0585193512037,13.6400670045837
580,18.1408470701432,17.6947380406986,16.184642684873,15.9816477499542,15.1538764266939,13.3516431067807,8.42000338744815,14.7049814331069,13.8294561020846
585,19.0185816071476,18.3053053294627,16.3680669671711,15.6997224756362,14.760580578235,13.2017282232408,8.74393211189221,15.4615994701643,14.0745824977299
590,19.7773684244833,18.8327226322524,16.4990292767517,15.357189692908,14.3059690148634,13.1850036652082,9.24552047661747,16.3828734749589,14.4158408534355
595,20.3815168169277,19.2392863582035,16.5501066250455,14.9302084757701,13.7925141458548,13.4616311520732,9.99713694878725,17.3882983044527,14.8202267121106
600,20.7968883389004,19.5135837838055,16.4962093018572,14.4376489930589,13.2171729858367,14.3106491851547,11.1015985609492,18.4970760128596,15.2621089839744
605,20.9969503523553,19.5925830895583,16.3177691712192,13.8576851974885,12.5863006435589,16.1520600887224,12.7409745629422,19.513540376381,15.6384493996728
610,20.9712477739308,19.4841345149121,15.9975483902425,13.2436246016863,11.9098172387657,19.4926377146707,15.3470825936802,20.5161101539712,16.0300460678284
615,20.7073358102165,19.1856802014761,15.5423986595423,12.5727205551971,11.2036734569248,25.0683795219215,19.4275614300387,21.5219961841572,16.3958813384808
620,20.2252584866893,18.717237445556,14.9576671292313,11.8435084818968,10.4676160587163,33.870347940775,26.0079995933702,22.3799466018574,16.6669433633032
625,19.5640907406947,18.0986574979784,14.265666836971,11.1159980116384,9.72974083444731,40.7525354719209,36.4687451657028,23.0680653551644,16.8824855135407
630,18.7585365843522,17.3419878071071,13.4836081860613,10.3755171808597,8.99583709575267,35.5877366127071,51.0993545766249,23.506594006923,16.9326832693461
635,17.8224733800472,16.4726876968585,12.6226372563603,9.65166824273433,8.27246974708033,21.589106797393,62.69028811751,23.7076848293385,16.8531443139974
640,16.7836981583804,15.5088538958293,11.7122045381938,8.91011627198378,7.56813520190861,11.1053051723206,52.0726505982954,23.6669161522832,16.6208232143205
645,15.6635368165556,14.489083068024,10.7794142370211,8.19169386142461,6.89580377794347,7.27226768730937,28.6218708732793,23.3546466804802,16.233758033819
650,14.488494896633,13.4216805729857,9.848369131422,7.51181196296535,6.25483321228854,5.58471126352224,15.4993505881329,22.8125967749528,15.7247746055147
655,13.3064799438705,12.3281507180091,8.9285392683097,6.85802629054163,5.64706246369859,4.64417287638433,9.5768038538995,22.012852812858,15.0693340818855
660,12.1462356595819,11.2623250609003,8.0419567483482,6.20854970257196,5.07897927869608,3.97955056334108,6.53571535373817,21.0300194966327,14.3067630407622
665,11.0199187069929,10.2367246272925,7.2009102277964,5.60421086379462,4.54864151637566,3.47888689125302,4.94960890405097,19.9126107467016,13.4493374944989
670,9.94761197970129,9.25229398959138,6.41602830025987,5.0519471396909,4.05595693686259,3.07409073699134,4.01398328505465,18.6940013877541,12.5724990258431
675,8.93423648015834,8.30230029680945,5.69126619564283,4.53760127388877,3.61140807382632,2.72816074410014,3.37292152458184,17.3887741464367,11.6387146183132
680,7.98450169704667,7.41714333049508,5.022539261577,4.05096075020646,3.21541687459392,2.42269525097286,2.89209381683251,16.0497840861968,10.6925539054072
685,7.0985992659363,6.59559057027663,4.4171392656909,3.61737666659336,2.85696479351815,2.15329305627126,2.5063200231174,14.6861380905426,9.77859384128138
690,6.29636901741814,5.85309370419284,3.87613123092091,3.22528014110009,2.53827315078982,1.91058573911088,2.18154443596012,13.362374973789,8.86824579009333
695,5.56880305721883,5.16936444721575,3.38667826814225,2.86659350070302,2.25697473591871,1.69569059408603,1.91513513618786,12.0402978017877,7.99600176675522
700,4.89071701656874,4.54812715322961,2.94643636888562,2.53202750883524,1.99542481644078,1.49906002768267,1.66577779057579,10.8038092293419,7.17058506801751
705,4.26429600270245,3.9861605473391,2.55858773125236,2.24240201416357,1.75180195834488,1.32699183417649,1.44165194177791,9.62207249969809,6.36712009606383
710,3.72262266560481,3.48567827731823,2.21674703348078,1.9864134518115,1.54395109707216,1.17929112824992,1.25193634940757,8.53880138575987,5.65228048087424
715,3.24788638593196,3.03912716499733,1.91551419054902,1.75728841040509,1.36071931779605,1.0469254935198,1.0852703666224,7.56846221590381,5.01315550899704
720,2.8320436747504,2.64814747269259,1.65199858960736,1.5480070721642,1.19757178978447,0.92716408106722,0.934298908723876,6.68155351918985,4.42387397305052
725,2.46987461916361,2.30577794882518,1.42637775988433,1.36610388844311,1.05324869094819,0.827491704781128,0.818492866409401,5.86280955270842,3.87661228522234
730,2.15226610794399,2.01034622222972,1.22986091865891,1.20653169998746,0.929090702119824,0.735957506711268,0.707480806356205,5.12445213480102,3.39092904901042
735,1.87406416730027,1.74735028991077,1.05956105465032,1.07313857830263,0.818303037114133,0.646636896241351,0.60651181708496,4.45587657780698,2.95222979949227
740,1.63220844650123,1.51961457941591,0.910781763225311,0.951240121893869,0.720449711663405,0.572945035135121,0.530093331798175,3.87994233063506,2.57613975031686
745,1.42487573628299,1.32336272558033,0.784050085946739,0.845932022860422,0.635170089706642,0.513880920851987,0.451179851998568,3.36500077690072,2.23591653573281
750,1.24885207653393,1.14951431754282,0.675507087829775,0.748649684771704,0.560843017384218,0.460416656199113,0.39740649254303,2.9355790086503,1.94729517926764
755,1.097976197907,0.995858944482856,0.583103559017245,0.672923361962145,0.493975925392606,0.414882237181774,0.348842855900975,2.54157232910349,1.69580054273351
760,0.967494148900257,0.867696539997061,0.50292256532786,0.606764984721504,0.438849525339479,0.371989729146175,0.303530943123417,2.20863887009924,1.46779204301941
765,0.855308226234207,0.759541081437039,0.43389034639836,0.549244085677967,0.389546449697839,0.335048205152119,0.265361082145702,1.90072445054627,1.29550773747079
770,0.758379782764319,0.665103967697616,0.374466162635978,0.496272494917184,0.345675109315625,0.303801709467763,0.235314710545164,1.6515377165873,1.10175911458564
775,0.676878899045693,0.585773436086721,0.323616093675776,0.453540806774689,0.306506084321838,0.275716175161951,0.20864497987355,1.439389937007,0.964594131181941
780,0.609884583683814,0.518258509228699,0.279852119861217,0.415264203765073,0.274687339940602,0.248873091405123,0.169351491152983,1.22108373726402,0.838215406113328
